file,line,type,commit,author,date,time,timezone,datetime,depth,length
style.css,1,css,a42c2da8,Surya Setty,2025-05-09,17:19:11,-07:00,2025-05-09T17:19:11-07:00,0,18
style.css,2,css,5f9de748,Surya Setty,2025-04-19,15:19:19,-07:00,2025-04-19T15:19:19-07:00,0,6
style.css,3,css,5f9de748,Surya Setty,2025-04-19,15:19:19,-07:00,2025-04-19T15:19:19-07:00,0,32
style.css,4,css,6abffcf2,Surya Setty,2025-04-19,22:32:44,-07:00,2025-04-19T22:32:44-07:00,0,40
style.css,5,css,6abffcf2,Surya Setty,2025-04-19,22:32:44,-07:00,2025-04-19T22:32:44-07:00,0,19
style.css,6,css,5f9de748,Surya Setty,2025-04-19,15:19:19,-07:00,2025-04-19T15:19:19-07:00,0,0
style.css,7,css,6abffcf2,Surya Setty,2025-04-19,22:32:44,-07:00,2025-04-19T22:32:44-07:00,0,5
style.css,8,css,a5e854ff,Surya Setty,2025-04-04,14:10:40,-07:00,2025-04-04T14:10:40-07:00,0,24
style.css,9,css,5f9de748,Surya Setty,2025-04-19,15:19:19,-07:00,2025-04-19T15:19:19-07:00,0,16
style.css,10,css,5f9de748,Surya Setty,2025-04-19,15:19:19,-07:00,2025-04-19T15:19:19-07:00,0,43
style.css,11,css,5f9de748,Surya Setty,2025-04-19,15:19:19,-07:00,2025-04-19T15:19:19-07:00,0,0
style.css,12,css,5f9de748,Surya Setty,2025-04-19,15:19:19,-07:00,2025-04-19T15:19:19-07:00,0,0
style.css,13,css,5f9de748,Surya Setty,2025-04-19,15:19:19,-07:00,2025-04-19T15:19:19-07:00,0,23
style.css,14,css,5f9de748,Surya Setty,2025-04-19,15:19:19,-07:00,2025-04-19T15:19:19-07:00,0,16
style.css,15,css,5f9de748,Surya Setty,2025-04-19,15:19:19,-07:00,2025-04-19T15:19:19-07:00,0,0
style.css,16,css,a42c2da8,Surya Setty,2025-05-09,17:19:11,-07:00,2025-05-09T17:19:11-07:00,0,0
style.css,17,css,5f9de748,Surya Setty,2025-04-19,15:19:19,-07:00,2025-04-19T15:19:19-07:00,0,3
style.css,18,css,a42c2da8,Surya Setty,2025-05-09,17:19:11,-07:00,2025-05-09T17:19:11-07:00,0,15
style.css,19,css,a5e854ff,Surya Setty,2025-04-04,14:10:40,-07:00,2025-04-04T14:10:40-07:00,0,0
style.css,20,css,a42c2da8,Surya Setty,2025-05-09,17:19:11,-07:00,2025-05-09T17:19:11-07:00,0,0
style.css,21,css,a5e854ff,Surya Setty,2025-04-04,14:10:40,-07:00,2025-04-04T14:10:40-07:00,0,11
style.css,22,css,a5e854ff,Surya Setty,2025-04-04,14:10:40,-07:00,2025-04-04T14:10:40-07:00,0,16
style.css,23,css,a5e854ff,Surya Setty,2025-04-04,14:10:40,-07:00,2025-04-04T14:10:40-07:00,0,12
style.css,24,css,f608125f,Surya Setty,2025-04-28,20:42:50,-07:00,2025-04-28T20:42:50-07:00,0,13
style.css,25,css,f608125f,Surya Setty,2025-04-28,20:42:50,-07:00,2025-04-28T20:42:50-07:00,0,8
style.css,26,css,f608125f,Surya Setty,2025-04-28,20:42:50,-07:00,2025-04-28T20:42:50-07:00,0,22
style.css,27,css,a5e854ff,Surya Setty,2025-04-04,14:10:40,-07:00,2025-04-04T14:10:40-07:00,0,0
style.css,28,css,a5e854ff,Surya Setty,2025-04-04,14:10:40,-07:00,2025-04-04T14:10:40-07:00,0,9
style.css,29,css,a5e854ff,Surya Setty,2025-04-04,14:10:40,-07:00,2025-04-04T14:10:40-07:00,0,19
style.css,30,css,a5e854ff,Surya Setty,2025-04-04,14:10:40,-07:00,2025-04-04T14:10:40-07:00,0,0
style.css,31,css,a42c2da8,Surya Setty,2025-05-09,17:19:11,-07:00,2025-05-09T17:19:11-07:00,0,0
style.css,32,css,a42c2da8,Surya Setty,2025-05-09,17:19:11,-07:00,2025-05-09T17:19:11-07:00,0,17
style.css,33,css,5f9de748,Surya Setty,2025-04-19,15:19:19,-07:00,2025-04-19T15:19:19-07:00,0,5
style.css,34,css,5f9de748,Surya Setty,2025-04-19,15:19:19,-07:00,2025-04-19T15:19:19-07:00,0,13
style.css,35,css,5f9de748,Surya Setty,2025-04-19,15:19:19,-07:00,2025-04-19T15:19:19-07:00,0,31
style.css,36,css,5f9de748,Surya Setty,2025-04-19,15:19:19,-07:00,2025-04-19T15:19:19-07:00,0,8
style.css,37,css,5f9de748,Surya Setty,2025-04-19,15:19:19,-07:00,2025-04-19T15:19:19-07:00,0,19
style.css,38,css,5f9de748,Surya Setty,2025-04-19,15:19:19,-07:00,2025-04-19T15:19:19-07:00,0,0
style.css,39,css,5f9de748,Surya Setty,2025-04-19,15:19:19,-07:00,2025-04-19T15:19:19-07:00,0,6
style.css,40,css,5f9de748,Surya Setty,2025-04-19,15:19:19,-07:00,2025-04-19T15:19:19-07:00,0,13
style.css,41,css,5f9de748,Surya Setty,2025-04-19,15:19:19,-07:00,2025-04-19T15:19:19-07:00,0,30
style.css,42,css,5f9de748,Surya Setty,2025-04-19,15:19:19,-07:00,2025-04-19T15:19:19-07:00,0,20
style.css,43,css,5f9de748,Surya Setty,2025-04-19,15:19:19,-07:00,2025-04-19T15:19:19-07:00,0,0
style.css,44,css,5f9de748,Surya Setty,2025-04-19,15:19:19,-07:00,2025-04-19T15:19:19-07:00,0,6
style.css,45,css,5f9de748,Surya Setty,2025-04-19,15:19:19,-07:00,2025-04-19T15:19:19-07:00,0,20
style.css,46,css,5f9de748,Surya Setty,2025-04-19,15:19:19,-07:00,2025-04-19T15:19:19-07:00,0,0
style.css,47,css,5f9de748,Surya Setty,2025-04-19,15:19:19,-07:00,2025-04-19T15:19:19-07:00,0,9
style.css,48,css,5f9de748,Surya Setty,2025-04-19,15:19:19,-07:00,2025-04-19T15:19:19-07:00,0,20
style.css,49,css,5f9de748,Surya Setty,2025-04-19,15:19:19,-07:00,2025-04-19T15:19:19-07:00,0,0
style.css,50,css,5f9de748,Surya Setty,2025-04-19,15:19:19,-07:00,2025-04-19T15:19:19-07:00,0,7
style.css,51,css,5f9de748,Surya Setty,2025-04-19,15:19:19,-07:00,2025-04-19T15:19:19-07:00,0,13
style.css,52,css,5f9de748,Surya Setty,2025-04-19,15:19:19,-07:00,2025-04-19T15:19:19-07:00,0,30
style.css,53,css,5f9de748,Surya Setty,2025-04-19,15:19:19,-07:00,2025-04-19T15:19:19-07:00,0,19
style.css,54,css,5f9de748,Surya Setty,2025-04-19,15:19:19,-07:00,2025-04-19T15:19:19-07:00,0,20
style.css,55,css,5f9de748,Surya Setty,2025-04-19,15:19:19,-07:00,2025-04-19T15:19:19-07:00,0,19
style.css,56,css,5f9de748,Surya Setty,2025-04-19,15:19:19,-07:00,2025-04-19T15:19:19-07:00,0,0
style.css,57,css,5f9de748,Surya Setty,2025-04-19,15:19:19,-07:00,2025-04-19T15:19:19-07:00,0,0
style.css,58,css,f608125f,Surya Setty,2025-04-28,20:42:50,-07:00,2025-04-28T20:42:50-07:00,0,0
style.css,59,css,f608125f,Surya Setty,2025-04-28,20:42:50,-07:00,2025-04-28T20:42:50-07:00,0,17
style.css,60,css,5f9de748,Surya Setty,2025-04-19,15:19:19,-07:00,2025-04-19T15:19:19-07:00,0,10
style.css,61,css,5f9de748,Surya Setty,2025-04-19,15:19:19,-07:00,2025-04-19T15:19:19-07:00,0,13
style.css,62,css,5f9de748,Surya Setty,2025-04-19,15:19:19,-07:00,2025-04-19T15:19:19-07:00,0,59
style.css,63,css,f608125f,Surya Setty,2025-04-28,20:42:50,-07:00,2025-04-28T20:42:50-07:00,0,9
style.css,64,css,5f9de748,Surya Setty,2025-04-19,15:19:19,-07:00,2025-04-19T15:19:19-07:00,0,8
style.css,65,css,f608125f,Surya Setty,2025-04-28,20:42:50,-07:00,2025-04-28T20:42:50-07:00,0,13
style.css,66,css,5f9de748,Surya Setty,2025-04-19,15:19:19,-07:00,2025-04-19T15:19:19-07:00,0,27
style.css,67,css,5f9de748,Surya Setty,2025-04-19,15:19:19,-07:00,2025-04-19T15:19:19-07:00,0,16
style.css,68,css,5f9de748,Surya Setty,2025-04-19,15:19:19,-07:00,2025-04-19T15:19:19-07:00,0,8
style.css,69,css,5f9de748,Surya Setty,2025-04-19,15:19:19,-07:00,2025-04-19T15:19:19-07:00,0,3
style.css,70,css,5f9de748,Surya Setty,2025-04-19,15:19:19,-07:00,2025-04-19T15:19:19-07:00,0,9
style.css,71,css,5f9de748,Surya Setty,2025-04-19,15:19:19,-07:00,2025-04-19T15:19:19-07:00,0,0
style.css,72,css,5f9de748,Surya Setty,2025-04-19,15:19:19,-07:00,2025-04-19T15:19:19-07:00,0,0
style.css,73,css,5f9de748,Surya Setty,2025-04-19,15:19:19,-07:00,2025-04-19T15:19:19-07:00,0,0
style.css,74,css,f608125f,Surya Setty,2025-04-28,20:42:50,-07:00,2025-04-28T20:42:50-07:00,0,19
style.css,75,css,f608125f,Surya Setty,2025-04-28,20:42:50,-07:00,2025-04-28T20:42:50-07:00,0,15
style.css,76,css,f608125f,Surya Setty,2025-04-28,20:42:50,-07:00,2025-04-28T20:42:50-07:00,0,17
style.css,77,css,f608125f,Surya Setty,2025-04-28,20:42:50,-07:00,2025-04-28T20:42:50-07:00,0,17
style.css,78,css,e900d04c,Surya Setty,2025-05-02,22:30:34,-07:00,2025-05-02T22:30:34-07:00,0,0
style.css,79,css,e900d04c,Surya Setty,2025-05-02,22:30:34,-07:00,2025-05-02T22:30:34-07:00,0,18
style.css,80,css,e900d04c,Surya Setty,2025-05-02,22:30:34,-07:00,2025-05-02T22:30:34-07:00,0,17
style.css,81,css,e900d04c,Surya Setty,2025-05-02,22:30:34,-07:00,2025-05-02T22:30:34-07:00,0,12
style.css,82,css,e900d04c,Surya Setty,2025-05-02,22:30:34,-07:00,2025-05-02T22:30:34-07:00,0,0
style.css,83,css,e900d04c,Surya Setty,2025-05-02,22:30:34,-07:00,2025-05-02T22:30:34-07:00,0,0
style.css,84,css,e900d04c,Surya Setty,2025-05-02,22:30:34,-07:00,2025-05-02T22:30:34-07:00,0,5
style.css,85,css,e900d04c,Surya Setty,2025-05-02,22:30:34,-07:00,2025-05-02T22:30:34-07:00,0,17
style.css,86,css,e900d04c,Surya Setty,2025-05-02,22:30:34,-07:00,2025-05-02T22:30:34-07:00,0,15
style.css,87,css,e900d04c,Surya Setty,2025-05-02,22:30:34,-07:00,2025-05-02T22:30:34-07:00,0,0
style.css,88,css,e900d04c,Surya Setty,2025-05-02,22:30:34,-07:00,2025-05-02T22:30:34-07:00,0,0
style.css,89,css,e900d04c,Surya Setty,2025-05-02,22:30:34,-07:00,2025-05-02T22:30:34-07:00,0,0
style.css,90,css,e900d04c,Surya Setty,2025-05-02,22:30:34,-07:00,2025-05-02T22:30:34-07:00,0,10
style.css,91,css,e900d04c,Surya Setty,2025-05-02,22:30:34,-07:00,2025-05-02T22:30:34-07:00,0,36
style.css,92,css,e900d04c,Surya Setty,2025-05-02,22:30:34,-07:00,2025-05-02T22:30:34-07:00,0,0
style.css,93,css,e900d04c,Surya Setty,2025-05-02,22:30:34,-07:00,2025-05-02T22:30:34-07:00,0,11
style.css,94,css,e900d04c,Surya Setty,2025-05-02,22:30:34,-07:00,2025-05-02T22:30:34-07:00,0,18
style.css,95,css,e900d04c,Surya Setty,2025-05-02,22:30:34,-07:00,2025-05-02T22:30:34-07:00,0,0
style.css,96,css,e900d04c,Surya Setty,2025-05-02,22:30:34,-07:00,2025-05-02T22:30:34-07:00,0,14
style.css,97,css,e900d04c,Surya Setty,2025-05-02,22:30:34,-07:00,2025-05-02T22:30:34-07:00,0,30
style.css,98,css,e900d04c,Surya Setty,2025-05-02,22:30:34,-07:00,2025-05-02T22:30:34-07:00,0,0
style.css,99,css,f608125f,Surya Setty,2025-04-28,20:42:50,-07:00,2025-04-28T20:42:50-07:00,0,0
style.css,100,css,e900d04c,Surya Setty,2025-05-02,22:30:34,-07:00,2025-05-02T22:30:34-07:00,0,20
style.css,101,css,e900d04c,Surya Setty,2025-05-02,22:30:34,-07:00,2025-05-02T22:30:34-07:00,0,11
style.css,102,css,e900d04c,Surya Setty,2025-05-02,22:30:34,-07:00,2025-05-02T22:30:34-07:00,0,0
style.css,103,css,e900d04c,Surya Setty,2025-05-02,22:30:34,-07:00,2025-05-02T22:30:34-07:00,0,0
style.css,104,css,f608125f,Surya Setty,2025-04-28,20:42:50,-07:00,2025-04-28T20:42:50-07:00,0,8
style.css,105,css,f608125f,Surya Setty,2025-04-28,20:42:50,-07:00,2025-04-28T20:42:50-07:00,0,13
style.css,106,css,f608125f,Surya Setty,2025-04-28,20:42:50,-07:00,2025-04-28T20:42:50-07:00,0,58
style.css,107,css,f608125f,Surya Setty,2025-04-28,20:42:50,-07:00,2025-04-28T20:42:50-07:00,0,23
style.css,108,css,f608125f,Surya Setty,2025-04-28,20:42:50,-07:00,2025-04-28T20:42:50-07:00,0,12
style.css,109,css,f608125f,Surya Setty,2025-04-28,20:42:50,-07:00,2025-04-28T20:42:50-07:00,0,11
style.css,110,css,f608125f,Surya Setty,2025-04-28,20:42:50,-07:00,2025-04-28T20:42:50-07:00,0,19
style.css,111,css,f608125f,Surya Setty,2025-04-28,20:42:50,-07:00,2025-04-28T20:42:50-07:00,0,17
style.css,112,css,f608125f,Surya Setty,2025-04-28,20:42:50,-07:00,2025-04-28T20:42:50-07:00,0,23
style.css,113,css,f608125f,Surya Setty,2025-04-28,20:42:50,-07:00,2025-04-28T20:42:50-07:00,0,7
style.css,114,css,ce610525,Surya Setty,2025-04-28,20:56:21,-07:00,2025-04-28T20:56:21-07:00,0,7
style.css,115,css,f608125f,Surya Setty,2025-04-28,20:42:50,-07:00,2025-04-28T20:42:50-07:00,0,3
style.css,116,css,f608125f,Surya Setty,2025-04-28,20:42:50,-07:00,2025-04-28T20:42:50-07:00,0,13
style.css,117,css,f608125f,Surya Setty,2025-04-28,20:42:50,-07:00,2025-04-28T20:42:50-07:00,0,14
style.css,118,css,f608125f,Surya Setty,2025-04-28,20:42:50,-07:00,2025-04-28T20:42:50-07:00,0,19
style.css,119,css,f608125f,Surya Setty,2025-04-28,20:42:50,-07:00,2025-04-28T20:42:50-07:00,0,8
style.css,120,css,f608125f,Surya Setty,2025-04-28,20:42:50,-07:00,2025-04-28T20:42:50-07:00,0,0
style.css,121,css,5f9de748,Surya Setty,2025-04-19,15:19:19,-07:00,2025-04-19T15:19:19-07:00,0,0
style.css,122,css,f608125f,Surya Setty,2025-04-28,20:42:50,-07:00,2025-04-28T20:42:50-07:00,0,0
style.css,123,css,f608125f,Surya Setty,2025-04-28,20:42:50,-07:00,2025-04-28T20:42:50-07:00,0,8
style.css,124,css,f608125f,Surya Setty,2025-04-28,20:42:50,-07:00,2025-04-28T20:42:50-07:00,0,12
style.css,125,css,f608125f,Surya Setty,2025-04-28,20:42:50,-07:00,2025-04-28T20:42:50-07:00,0,20
style.css,126,css,f608125f,Surya Setty,2025-04-28,20:42:50,-07:00,2025-04-28T20:42:50-07:00,0,19
style.css,127,css,f608125f,Surya Setty,2025-04-28,20:42:50,-07:00,2025-04-28T20:42:50-07:00,0,30
style.css,128,css,f608125f,Surya Setty,2025-04-28,20:42:50,-07:00,2025-04-28T20:42:50-07:00,0,19
style.css,129,css,f608125f,Surya Setty,2025-04-28,20:42:50,-07:00,2025-04-28T20:42:50-07:00,0,10
style.css,130,css,f608125f,Surya Setty,2025-04-28,20:42:50,-07:00,2025-04-28T20:42:50-07:00,0,18
style.css,131,css,f608125f,Surya Setty,2025-04-28,20:42:50,-07:00,2025-04-28T20:42:50-07:00,0,0
style.css,132,css,f608125f,Surya Setty,2025-04-28,20:42:50,-07:00,2025-04-28T20:42:50-07:00,0,0
style.css,133,css,f608125f,Surya Setty,2025-04-28,20:42:50,-07:00,2025-04-28T20:42:50-07:00,0,0
style.css,134,css,f608125f,Surya Setty,2025-04-28,20:42:50,-07:00,2025-04-28T20:42:50-07:00,0,6
style.css,135,css,f608125f,Surya Setty,2025-04-28,20:42:50,-07:00,2025-04-28T20:42:50-07:00,0,44
style.css,136,css,f608125f,Surya Setty,2025-04-28,20:42:50,-07:00,2025-04-28T20:42:50-07:00,0,35
style.css,137,css,f608125f,Surya Setty,2025-04-28,20:42:50,-07:00,2025-04-28T20:42:50-07:00,0,16
style.css,138,css,f608125f,Surya Setty,2025-04-28,20:42:50,-07:00,2025-04-28T20:42:50-07:00,0,18
style.css,139,css,f608125f,Surya Setty,2025-04-28,20:42:50,-07:00,2025-04-28T20:42:50-07:00,0,0
style.css,140,css,5f9de748,Surya Setty,2025-04-19,15:19:19,-07:00,2025-04-19T15:19:19-07:00,0,0
style.css,141,css,f608125f,Surya Setty,2025-04-28,20:42:50,-07:00,2025-04-28T20:42:50-07:00,0,19
style.css,142,css,a42c2da8,Surya Setty,2025-05-09,17:19:11,-07:00,2025-05-09T17:19:11-07:00,0,3
style.css,143,css,a42c2da8,Surya Setty,2025-05-09,17:19:11,-07:00,2025-05-09T17:19:11-07:00,0,57
style.css,144,css,a42c2da8,Surya Setty,2025-05-09,17:19:11,-07:00,2025-05-09T17:19:11-07:00,0,0
style.css,145,css,a42c2da8,Surya Setty,2025-05-09,17:19:11,-07:00,2025-05-09T17:19:11-07:00,0,0
style.css,146,css,5f9de748,Surya Setty,2025-04-19,15:19:19,-07:00,2025-04-19T15:19:19-07:00,0,14
style.css,147,css,5f9de748,Surya Setty,2025-04-19,15:19:19,-07:00,2025-04-19T15:19:19-07:00,0,13
style.css,148,css,5f9de748,Surya Setty,2025-04-19,15:19:19,-07:00,2025-04-19T15:19:19-07:00,0,28
style.css,149,css,5f9de748,Surya Setty,2025-04-19,15:19:19,-07:00,2025-04-19T15:19:19-07:00,0,9
style.css,150,css,5f9de748,Surya Setty,2025-04-19,15:19:19,-07:00,2025-04-19T15:19:19-07:00,0,19
style.css,151,css,5f9de748,Surya Setty,2025-04-19,15:19:19,-07:00,2025-04-19T15:19:19-07:00,0,0
style.css,152,css,5f9de748,Surya Setty,2025-04-19,15:19:19,-07:00,2025-04-19T15:19:19-07:00,0,0
style.css,153,css,5f9de748,Surya Setty,2025-04-19,15:19:19,-07:00,2025-04-19T15:19:19-07:00,0,14
style.css,154,css,5f9de748,Surya Setty,2025-04-19,15:19:19,-07:00,2025-04-19T15:19:19-07:00,0,13
style.css,155,css,5f9de748,Surya Setty,2025-04-19,15:19:19,-07:00,2025-04-19T15:19:19-07:00,0,59
style.css,156,css,5f9de748,Surya Setty,2025-04-19,15:19:19,-07:00,2025-04-19T15:19:19-07:00,0,8
style.css,157,css,5f9de748,Surya Setty,2025-04-19,15:19:19,-07:00,2025-04-19T15:19:19-07:00,0,0
style.css,158,css,5f9de748,Surya Setty,2025-04-19,15:19:19,-07:00,2025-04-19T15:19:19-07:00,0,0
style.css,159,css,5f9de748,Surya Setty,2025-04-19,15:19:19,-07:00,2025-04-19T15:19:19-07:00,0,10
style.css,160,css,5f9de748,Surya Setty,2025-04-19,15:19:19,-07:00,2025-04-19T15:19:19-07:00,0,13
style.css,161,css,5f9de748,Surya Setty,2025-04-19,15:19:19,-07:00,2025-04-19T15:19:19-07:00,0,8
style.css,162,css,5f9de748,Surya Setty,2025-04-19,15:19:19,-07:00,2025-04-19T15:19:19-07:00,0,30
style.css,163,css,5f9de748,Surya Setty,2025-04-19,15:19:19,-07:00,2025-04-19T15:19:19-07:00,0,19
style.css,164,css,5f9de748,Surya Setty,2025-04-19,15:19:19,-07:00,2025-04-19T15:19:19-07:00,0,0
style.css,165,css,5f9de748,Surya Setty,2025-04-19,15:19:19,-07:00,2025-04-19T15:19:19-07:00,0,0
style.css,166,css,5f9de748,Surya Setty,2025-04-19,15:19:19,-07:00,2025-04-19T15:19:19-07:00,0,8
style.css,167,css,5f9de748,Surya Setty,2025-04-19,15:19:19,-07:00,2025-04-19T15:19:19-07:00,0,13
style.css,168,css,5f9de748,Surya Setty,2025-04-19,15:19:19,-07:00,2025-04-19T15:19:19-07:00,0,59
style.css,169,css,6abffcf2,Surya Setty,2025-04-19,22:32:44,-07:00,2025-04-19T22:32:44-07:00,0,0
style.css,170,css,728cd214,Surya Setty,2025-04-26,22:45:17,-07:00,2025-04-26T22:45:17-07:00,0,0
style.css,171,css,a42c2da8,Surya Setty,2025-05-09,17:19:11,-07:00,2025-05-09T17:19:11-07:00,0,14
style.css,172,css,a42c2da8,Surya Setty,2025-05-09,17:19:11,-07:00,2025-05-09T17:19:11-07:00,0,19
style.css,173,css,a42c2da8,Surya Setty,2025-05-09,17:19:11,-07:00,2025-05-09T17:19:11-07:00,0,0
style.css,174,css,a42c2da8,Surya Setty,2025-05-09,17:19:11,-07:00,2025-05-09T17:19:11-07:00,0,33
style.css,175,css,a42c2da8,Surya Setty,2025-05-09,17:19:11,-07:00,2025-05-09T17:19:11-07:00,0,21
style.css,176,css,a42c2da8,Surya Setty,2025-05-09,17:19:11,-07:00,2025-05-09T17:19:11-07:00,0,10
style.css,177,css,a42c2da8,Surya Setty,2025-05-09,17:19:11,-07:00,2025-05-09T17:19:11-07:00,0,13
style.css,178,css,a42c2da8,Surya Setty,2025-05-09,17:19:11,-07:00,2025-05-09T17:19:11-07:00,0,9
style.css,179,css,a42c2da8,Surya Setty,2025-05-09,17:19:11,-07:00,2025-05-09T17:19:11-07:00,0,0
style.css,180,css,a42c2da8,Surya Setty,2025-05-09,17:19:11,-07:00,2025-05-09T17:19:11-07:00,0,42
style.css,181,css,a42c2da8,Surya Setty,2025-05-09,17:19:11,-07:00,2025-05-09T17:19:11-07:00,0,19
style.css,182,css,a42c2da8,Surya Setty,2025-05-09,17:19:11,-07:00,2025-05-09T17:19:11-07:00,0,13
style.css,183,css,a42c2da8,Surya Setty,2025-05-09,17:19:11,-07:00,2025-05-09T17:19:11-07:00,0,31
style.css,184,css,a42c2da8,Surya Setty,2025-05-09,17:19:11,-07:00,2025-05-09T17:19:11-07:00,0,9
style.css,185,css,a42c2da8,Surya Setty,2025-05-09,17:19:11,-07:00,2025-05-09T17:19:11-07:00,0,18
style.css,186,css,a42c2da8,Surya Setty,2025-05-09,17:19:11,-07:00,2025-05-09T17:19:11-07:00,0,0
style.css,187,css,f608125f,Surya Setty,2025-04-28,20:42:50,-07:00,2025-04-28T20:42:50-07:00,0,35
style.css,188,css,728cd214,Surya Setty,2025-04-26,22:45:17,-07:00,2025-04-26T22:45:17-07:00,0,15
style.css,189,css,728cd214,Surya Setty,2025-04-26,22:45:17,-07:00,2025-04-26T22:45:17-07:00,0,16
style.css,190,css,728cd214,Surya Setty,2025-04-26,22:45:17,-07:00,2025-04-26T22:45:17-07:00,0,49
style.css,191,css,728cd214,Surya Setty,2025-04-26,22:45:17,-07:00,2025-04-26T22:45:17-07:00,0,0
style.css,192,css,728cd214,Surya Setty,2025-04-26,22:45:17,-07:00,2025-04-26T22:45:17-07:00,0,0
style.css,193,css,728cd214,Surya Setty,2025-04-26,22:45:17,-07:00,2025-04-26T22:45:17-07:00,0,18
style.css,194,css,728cd214,Surya Setty,2025-04-26,22:45:17,-07:00,2025-04-26T22:45:17-07:00,0,13
style.css,195,css,728cd214,Surya Setty,2025-04-26,22:45:17,-07:00,2025-04-26T22:45:17-07:00,0,37
style.css,196,css,728cd214,Surya Setty,2025-04-26,22:45:17,-07:00,2025-04-26T22:45:17-07:00,0,11
style.css,197,css,728cd214,Surya Setty,2025-04-26,22:45:17,-07:00,2025-04-26T22:45:17-07:00,0,16
style.css,198,css,728cd214,Surya Setty,2025-04-26,22:45:17,-07:00,2025-04-26T22:45:17-07:00,0,0
style.css,199,css,728cd214,Surya Setty,2025-04-26,22:45:17,-07:00,2025-04-26T22:45:17-07:00,0,0
style.css,200,css,728cd214,Surya Setty,2025-04-26,22:45:17,-07:00,2025-04-26T22:45:17-07:00,0,18
style.css,201,css,728cd214,Surya Setty,2025-04-26,22:45:17,-07:00,2025-04-26T22:45:17-07:00,0,17
style.css,202,css,728cd214,Surya Setty,2025-04-26,22:45:17,-07:00,2025-04-26T22:45:17-07:00,0,16
style.css,203,css,728cd214,Surya Setty,2025-04-26,22:45:17,-07:00,2025-04-26T22:45:17-07:00,0,14
style.css,204,css,728cd214,Surya Setty,2025-04-26,22:45:17,-07:00,2025-04-26T22:45:17-07:00,0,22
style.css,205,css,728cd214,Surya Setty,2025-04-26,22:45:17,-07:00,2025-04-26T22:45:17-07:00,0,0
style.css,206,css,728cd214,Surya Setty,2025-04-26,22:45:17,-07:00,2025-04-26T22:45:17-07:00,0,0
style.css,207,css,728cd214,Surya Setty,2025-04-26,22:45:17,-07:00,2025-04-26T22:45:17-07:00,0,18
style.css,208,css,728cd214,Surya Setty,2025-04-26,22:45:17,-07:00,2025-04-26T22:45:17-07:00,0,15
style.css,209,css,728cd214,Surya Setty,2025-04-26,22:45:17,-07:00,2025-04-26T22:45:17-07:00,0,16
style.css,210,css,728cd214,Surya Setty,2025-04-26,22:45:17,-07:00,2025-04-26T22:45:17-07:00,0,14
style.css,211,css,728cd214,Surya Setty,2025-04-26,22:45:17,-07:00,2025-04-26T22:45:17-07:00,0,9
style.css,212,css,728cd214,Surya Setty,2025-04-26,22:45:17,-07:00,2025-04-26T22:45:17-07:00,0,0
style.css,213,css,728cd214,Surya Setty,2025-04-26,22:45:17,-07:00,2025-04-26T22:45:17-07:00,0,0
style.css,214,css,728cd214,Surya Setty,2025-04-26,22:45:17,-07:00,2025-04-26T22:45:17-07:00,0,31
style.css,215,css,728cd214,Surya Setty,2025-04-26,22:45:17,-07:00,2025-04-26T22:45:17-07:00,0,22
style.css,216,css,728cd214,Surya Setty,2025-04-26,22:45:17,-07:00,2025-04-26T22:45:17-07:00,0,25
style.css,217,css,728cd214,Surya Setty,2025-04-26,22:45:17,-07:00,2025-04-26T22:45:17-07:00,0,18
style.css,218,css,728cd214,Surya Setty,2025-04-26,22:45:17,-07:00,2025-04-26T22:45:17-07:00,0,16
style.css,219,css,728cd214,Surya Setty,2025-04-26,22:45:17,-07:00,2025-04-26T22:45:17-07:00,0,37
style.css,220,css,728cd214,Surya Setty,2025-04-26,22:45:17,-07:00,2025-04-26T22:45:17-07:00,0,53
style.css,221,css,728cd214,Surya Setty,2025-04-26,22:45:17,-07:00,2025-04-26T22:45:17-07:00,0,0
style.css,222,css,728cd214,Surya Setty,2025-04-26,22:45:17,-07:00,2025-04-26T22:45:17-07:00,0,0
style.css,223,css,728cd214,Surya Setty,2025-04-26,22:45:17,-07:00,2025-04-26T22:45:17-07:00,0,28
style.css,224,css,728cd214,Surya Setty,2025-04-26,22:45:17,-07:00,2025-04-26T22:45:17-07:00,0,27
style.css,225,css,728cd214,Surya Setty,2025-04-26,22:45:17,-07:00,2025-04-26T22:45:17-07:00,0,37
style.css,226,css,a42c2da8,Surya Setty,2025-05-09,17:19:11,-07:00,2025-05-09T17:19:11-07:00,0,0
style.css,227,css,a42c2da8,Surya Setty,2025-05-09,17:19:11,-07:00,2025-05-09T17:19:11-07:00,0,0
style.css,228,css,a42c2da8,Surya Setty,2025-05-09,17:19:11,-07:00,2025-05-09T17:19:11-07:00,0,15
style.css,229,css,a42c2da8,Surya Setty,2025-05-09,17:19:11,-07:00,2025-05-09T17:19:11-07:00,0,4
style.css,230,css,a42c2da8,Surya Setty,2025-05-09,17:19:11,-07:00,2025-05-09T17:19:11-07:00,0,16
style.css,231,css,a42c2da8,Surya Setty,2025-05-09,17:19:11,-07:00,2025-05-09T17:19:11-07:00,0,13
style.css,232,css,a42c2da8,Surya Setty,2025-05-09,17:19:11,-07:00,2025-05-09T17:19:11-07:00,0,0
style.css,233,css,a42c2da8,Surya Setty,2025-05-09,17:19:11,-07:00,2025-05-09T17:19:11-07:00,0,24
style.css,234,css,a42c2da8,Surya Setty,2025-05-09,17:19:11,-07:00,2025-05-09T17:19:11-07:00,0,26
style.css,235,css,a42c2da8,Surya Setty,2025-05-09,17:19:11,-07:00,2025-05-09T17:19:11-07:00,0,40
style.css,236,css,a42c2da8,Surya Setty,2025-05-09,17:19:11,-07:00,2025-05-09T17:19:11-07:00,0,20
style.css,237,css,a42c2da8,Surya Setty,2025-05-09,17:19:11,-07:00,2025-05-09T17:19:11-07:00,0,0
style.css,238,css,a42c2da8,Surya Setty,2025-05-09,17:19:11,-07:00,2025-05-09T17:19:11-07:00,0,21
style.css,239,css,a42c2da8,Surya Setty,2025-05-09,17:19:11,-07:00,2025-05-09T17:19:11-07:00,0,19
style.css,240,css,a42c2da8,Surya Setty,2025-05-09,17:19:11,-07:00,2025-05-09T17:19:11-07:00,0,0
style.css,241,css,a42c2da8,Surya Setty,2025-05-09,17:19:11,-07:00,2025-05-09T17:19:11-07:00,0,0
style.css,242,css,a42c2da8,Surya Setty,2025-05-09,17:19:11,-07:00,2025-05-09T17:19:11-07:00,0,14
style.css,243,css,a42c2da8,Surya Setty,2025-05-09,17:19:11,-07:00,2025-05-09T17:19:11-07:00,0,26
style.css,244,css,a42c2da8,Surya Setty,2025-05-09,17:19:11,-07:00,2025-05-09T17:19:11-07:00,0,26
style.css,245,css,a42c2da8,Surya Setty,2025-05-09,17:19:11,-07:00,2025-05-09T17:19:11-07:00,0,40
style.css,246,css,a42c2da8,Surya Setty,2025-05-09,17:19:11,-07:00,2025-05-09T17:19:11-07:00,0,21
style.css,247,css,a42c2da8,Surya Setty,2025-05-09,17:19:11,-07:00,2025-05-09T17:19:11-07:00,0,0
style.css,248,css,a42c2da8,Surya Setty,2025-05-09,17:19:11,-07:00,2025-05-09T17:19:11-07:00,0,0
style.css,249,css,a42c2da8,Surya Setty,2025-05-09,17:19:11,-07:00,2025-05-09T17:19:11-07:00,0,6
style.css,250,css,a42c2da8,Surya Setty,2025-05-09,17:19:11,-07:00,2025-05-09T17:19:11-07:00,0,14
style.css,251,css,a42c2da8,Surya Setty,2025-05-09,17:19:11,-07:00,2025-05-09T17:19:11-07:00,0,14
style.css,252,css,a42c2da8,Surya Setty,2025-05-09,17:19:11,-07:00,2025-05-09T17:19:11-07:00,0,18
style.css,253,css,a42c2da8,Surya Setty,2025-05-09,17:19:11,-07:00,2025-05-09T17:19:11-07:00,0,7
style.css,254,css,a42c2da8,Surya Setty,2025-05-09,17:19:11,-07:00,2025-05-09T17:19:11-07:00,0,14
style.css,255,css,a42c2da8,Surya Setty,2025-05-09,17:19:11,-07:00,2025-05-09T17:19:11-07:00,0,21
style.css,256,css,a42c2da8,Surya Setty,2025-05-09,17:19:11,-07:00,2025-05-09T17:19:11-07:00,0,0
style.css,257,css,a42c2da8,Surya Setty,2025-05-09,17:19:11,-07:00,2025-05-09T17:19:11-07:00,0,0
style.css,258,css,a42c2da8,Surya Setty,2025-05-09,17:19:11,-07:00,2025-05-09T17:19:11-07:00,0,12
style.css,259,css,a42c2da8,Surya Setty,2025-05-09,17:19:11,-07:00,2025-05-09T17:19:11-07:00,0,70
style.css,260,css,a42c2da8,Surya Setty,2025-05-09,17:19:11,-07:00,2025-05-09T17:19:11-07:00,0,40
style.css,261,css,a42c2da8,Surya Setty,2025-05-09,17:19:11,-07:00,2025-05-09T17:19:11-07:00,0,26
style.css,262,css,a42c2da8,Surya Setty,2025-05-09,17:19:11,-07:00,2025-05-09T17:19:11-07:00,0,26
style.css,263,css,a42c2da8,Surya Setty,2025-05-09,17:19:11,-07:00,2025-05-09T17:19:11-07:00,0,21
style.css,264,css,a42c2da8,Surya Setty,2025-05-09,17:19:11,-07:00,2025-05-09T17:19:11-07:00,0,0
style.css,265,css,a42c2da8,Surya Setty,2025-05-09,17:19:11,-07:00,2025-05-09T17:19:11-07:00,0,14
style.css,266,css,a42c2da8,Surya Setty,2025-05-09,17:19:11,-07:00,2025-05-09T17:19:11-07:00,0,18
style.css,267,css,a42c2da8,Surya Setty,2025-05-09,17:19:11,-07:00,2025-05-09T17:19:11-07:00,0,11
style.css,268,css,a42c2da8,Surya Setty,2025-05-09,17:19:11,-07:00,2025-05-09T17:19:11-07:00,0,11
style.css,269,css,a42c2da8,Surya Setty,2025-05-09,17:19:11,-07:00,2025-05-09T17:19:11-07:00,0,14
style.css,270,css,a42c2da8,Surya Setty,2025-05-09,17:19:11,-07:00,2025-05-09T17:19:11-07:00,0,0
style.css,271,css,a42c2da8,Surya Setty,2025-05-09,17:19:11,-07:00,2025-05-09T17:19:11-07:00,0,16
style.css,272,css,a42c2da8,Surya Setty,2025-05-09,17:19:11,-07:00,2025-05-09T17:19:11-07:00,0,51
style.css,273,css,a42c2da8,Surya Setty,2025-05-09,17:19:11,-07:00,2025-05-09T17:19:11-07:00,0,40
style.css,274,css,a42c2da8,Surya Setty,2025-05-09,17:19:11,-07:00,2025-05-09T17:19:11-07:00,0,19
style.css,275,css,a42c2da8,Surya Setty,2025-05-09,17:19:11,-07:00,2025-05-09T17:19:11-07:00,0,33
style.css,276,css,a42c2da8,Surya Setty,2025-05-09,17:19:11,-07:00,2025-05-09T17:19:11-07:00,0,18
style.css,277,css,a42c2da8,Surya Setty,2025-05-09,17:19:11,-07:00,2025-05-09T17:19:11-07:00,0,0
style.css,278,css,a42c2da8,Surya Setty,2025-05-09,17:19:11,-07:00,2025-05-09T17:19:11-07:00,0,9
style.css,279,css,a42c2da8,Surya Setty,2025-05-09,17:19:11,-07:00,2025-05-09T17:19:11-07:00,0,6
style.css,280,css,a42c2da8,Surya Setty,2025-05-09,17:19:11,-07:00,2025-05-09T17:19:11-07:00,0,16
style.css,281,css,a42c2da8,Surya Setty,2025-05-09,17:19:11,-07:00,2025-05-09T17:19:11-07:00,0,0
index.js,1,js,728cd214,Surya Setty,2025-04-26,22:45:17,-07:00,2025-04-26T22:45:17-07:00,0,66
index.js,2,js,169106a5,Surya Setty,2025-04-26,21:55:02,-07:00,2025-04-26T21:55:02-07:00,0,0
index.js,3,js,169106a5,Surya Setty,2025-04-26,21:55:02,-07:00,2025-04-26T21:55:02-07:00,0,55
index.js,4,js,169106a5,Surya Setty,2025-04-26,21:55:02,-07:00,2025-04-26T21:55:02-07:00,0,43
index.js,5,js,169106a5,Surya Setty,2025-04-26,21:55:02,-07:00,2025-04-26T21:55:02-07:00,0,61
index.js,6,js,169106a5,Surya Setty,2025-04-26,21:55:02,-07:00,2025-04-26T21:55:02-07:00,0,55
index.js,7,js,728cd214,Surya Setty,2025-04-26,22:45:17,-07:00,2025-04-26T22:45:17-07:00,0,0
index.js,8,js,728cd214,Surya Setty,2025-04-26,22:45:17,-07:00,2025-04-26T22:45:17-07:00,0,61
index.js,9,js,728cd214,Surya Setty,2025-04-26,22:45:17,-07:00,2025-04-26T22:45:17-07:00,0,18
index.js,10,js,728cd214,Surya Setty,2025-04-26,22:45:17,-07:00,2025-04-26T22:45:17-07:00,0,25
index.js,11,js,728cd214,Surya Setty,2025-04-26,22:45:17,-07:00,2025-04-26T22:45:17-07:00,0,3
index.js,12,js,728cd214,Surya Setty,2025-04-26,22:45:17,-07:00,2025-04-26T22:45:17-07:00,0,4
index.js,13,js,728cd214,Surya Setty,2025-04-26,22:45:17,-07:00,2025-04-26T22:45:17-07:00,0,21
index.js,14,js,728cd214,Surya Setty,2025-04-26,22:45:17,-07:00,2025-04-26T22:45:17-07:00,0,34
index.js,15,js,728cd214,Surya Setty,2025-04-26,22:45:17,-07:00,2025-04-26T22:45:17-07:00,0,5
index.js,16,js,728cd214,Surya Setty,2025-04-26,22:45:17,-07:00,2025-04-26T22:45:17-07:00,0,4
index.js,17,js,728cd214,Surya Setty,2025-04-26,22:45:17,-07:00,2025-04-26T22:45:17-07:00,0,21
index.js,18,js,728cd214,Surya Setty,2025-04-26,22:45:17,-07:00,2025-04-26T22:45:17-07:00,0,34
index.js,19,js,728cd214,Surya Setty,2025-04-26,22:45:17,-07:00,2025-04-26T22:45:17-07:00,0,5
index.js,20,js,728cd214,Surya Setty,2025-04-26,22:45:17,-07:00,2025-04-26T22:45:17-07:00,0,4
index.js,21,js,728cd214,Surya Setty,2025-04-26,22:45:17,-07:00,2025-04-26T22:45:17-07:00,0,18
index.js,22,js,728cd214,Surya Setty,2025-04-26,22:45:17,-07:00,2025-04-26T22:45:17-07:00,0,31
index.js,23,js,728cd214,Surya Setty,2025-04-26,22:45:17,-07:00,2025-04-26T22:45:17-07:00,0,5
index.js,24,js,728cd214,Surya Setty,2025-04-26,22:45:17,-07:00,2025-04-26T22:45:17-07:00,0,4
index.js,25,js,728cd214,Surya Setty,2025-04-26,22:45:17,-07:00,2025-04-26T22:45:17-07:00,0,18
index.js,26,js,728cd214,Surya Setty,2025-04-26,22:45:17,-07:00,2025-04-26T22:45:17-07:00,0,31
index.js,27,js,728cd214,Surya Setty,2025-04-26,22:45:17,-07:00,2025-04-26T22:45:17-07:00,0,5
index.js,28,js,728cd214,Surya Setty,2025-04-26,22:45:17,-07:00,2025-04-26T22:45:17-07:00,0,4
index.js,29,js,728cd214,Surya Setty,2025-04-26,22:45:17,-07:00,2025-04-26T22:45:17-07:00,0,1
index.js,30,js,728cd214,Surya Setty,2025-04-26,22:45:17,-07:00,2025-04-26T22:45:17-07:00,0,0
index.html,1,html,25a898e2,Surya Setty,2025-04-03,12:45:22,-07:00,2025-04-03T12:45:22-07:00,0,14
index.html,2,html,25a898e2,Surya Setty,2025-04-03,12:45:22,-07:00,2025-04-03T12:45:22-07:00,0,15
index.html,3,html,25a898e2,Surya Setty,2025-04-03,12:45:22,-07:00,2025-04-03T12:45:22-07:00,0,5
index.html,4,html,25a898e2,Surya Setty,2025-04-03,12:45:22,-07:00,2025-04-03T12:45:22-07:00,0,21
index.html,5,html,25a898e2,Surya Setty,2025-04-03,12:45:22,-07:00,2025-04-03T12:45:22-07:00,0,69
index.html,6,html,25a898e2,Surya Setty,2025-04-03,12:45:22,-07:00,2025-04-03T12:45:22-07:00,0,55
index.html,7,html,a5e854ff,Surya Setty,2025-04-04,14:10:40,-07:00,2025-04-04T14:10:40-07:00,0,43
index.html,8,html,6abffcf2,Surya Setty,2025-04-19,22:32:44,-07:00,2025-04-19T22:32:44-07:00,0,56
index.html,9,html,f608125f,Surya Setty,2025-04-28,20:42:50,-07:00,2025-04-28T20:42:50-07:00,0,0
index.html,10,html,25a898e2,Surya Setty,2025-04-03,12:45:22,-07:00,2025-04-03T12:45:22-07:00,0,6
index.html,11,html,25a898e2,Surya Setty,2025-04-03,12:45:22,-07:00,2025-04-03T12:45:22-07:00,0,5
index.html,12,html,6abffcf2,Surya Setty,2025-04-19,22:32:44,-07:00,2025-04-19T22:32:44-07:00,0,9
index.html,13,html,6abffcf2,Surya Setty,2025-04-19,22:32:44,-07:00,2025-04-19T22:32:44-07:00,0,28
index.html,14,html,a5e854ff,Surya Setty,2025-04-04,14:10:40,-07:00,2025-04-04T14:10:40-07:00,0,43
index.html,15,html,a5e854ff,Surya Setty,2025-04-04,14:10:40,-07:00,2025-04-04T14:10:40-07:00,0,39
index.html,16,html,a5e854ff,Surya Setty,2025-04-04,14:10:40,-07:00,2025-04-04T14:10:40-07:00,0,69
index.html,17,html,a5e854ff,Surya Setty,2025-04-04,14:10:40,-07:00,2025-04-04T14:10:40-07:00,0,31
index.html,18,html,6abffcf2,Surya Setty,2025-04-19,22:32:44,-07:00,2025-04-19T22:32:44-07:00,0,9
index.html,19,html,6abffcf2,Surya Setty,2025-04-19,22:32:44,-07:00,2025-04-19T22:32:44-07:00,0,20
index.html,20,html,25a898e2,Surya Setty,2025-04-03,12:45:22,-07:00,2025-04-03T12:45:22-07:00,0,148
index.html,21,html,25a898e2,Surya Setty,2025-04-03,12:45:22,-07:00,2025-04-03T12:45:22-07:00,0,30
index.html,22,html,25a898e2,Surya Setty,2025-04-03,12:45:22,-07:00,2025-04-03T12:45:22-07:00,0,3
index.html,23,html,728cd214,Surya Setty,2025-04-26,22:45:17,-07:00,2025-04-26T22:45:17-07:00,0,41
index.html,24,html,728cd214,Surya Setty,2025-04-26,22:45:17,-07:00,2025-04-26T22:45:17-07:00,0,46
index.html,25,html,728cd214,Surya Setty,2025-04-26,22:45:17,-07:00,2025-04-26T22:45:17-07:00,0,27
index.html,26,html,728cd214,Surya Setty,2025-04-26,22:45:17,-07:00,2025-04-26T22:45:17-07:00,0,24
index.html,27,html,169106a5,Surya Setty,2025-04-26,21:55:02,-07:00,2025-04-26T21:55:02-07:00,0,0
index.html,28,html,728cd214,Surya Setty,2025-04-26,22:45:17,-07:00,2025-04-26T22:45:17-07:00,0,29
index.html,29,html,728cd214,Surya Setty,2025-04-26,22:45:17,-07:00,2025-04-26T22:45:17-07:00,0,0
index.html,30,html,169106a5,Surya Setty,2025-04-26,21:55:02,-07:00,2025-04-26T21:55:02-07:00,0,23
index.html,31,html,169106a5,Surya Setty,2025-04-26,21:55:02,-07:00,2025-04-26T21:55:02-07:00,0,27
index.html,32,html,169106a5,Surya Setty,2025-04-26,21:55:02,-07:00,2025-04-26T21:55:02-07:00,0,51
index.html,33,html,25a898e2,Surya Setty,2025-04-03,12:45:22,-07:00,2025-04-03T12:45:22-07:00,0,6
index.html,34,html,25a898e2,Surya Setty,2025-04-03,12:45:22,-07:00,2025-04-03T12:45:22-07:00,0,6
global.js,1,js,6abffcf2,Surya Setty,2025-04-19,22:32:44,-07:00,2025-04-19T22:32:44-07:00,0,25
global.js,2,js,6abffcf2,Surya Setty,2025-04-19,22:32:44,-07:00,2025-04-19T22:32:44-07:00,0,0
global.js,3,js,6abffcf2,Surya Setty,2025-04-19,22:32:44,-07:00,2025-04-19T22:32:44-07:00,0,42
global.js,4,js,6abffcf2,Surya Setty,2025-04-19,22:32:44,-07:00,2025-04-19T22:32:44-07:00,0,53
global.js,5,js,6abffcf2,Surya Setty,2025-04-19,22:32:44,-07:00,2025-04-19T22:32:44-07:00,0,0
global.js,6,js,6abffcf2,Surya Setty,2025-04-19,22:32:44,-07:00,2025-04-19T22:32:44-07:00,0,0
global.js,7,js,6abffcf2,Surya Setty,2025-04-19,22:32:44,-07:00,2025-04-19T22:32:44-07:00,0,12
global.js,8,js,6abffcf2,Surya Setty,2025-04-19,22:32:44,-07:00,2025-04-19T22:32:44-07:00,0,26
global.js,9,js,6abffcf2,Surya Setty,2025-04-19,22:32:44,-07:00,2025-04-19T22:32:44-07:00,0,39
global.js,10,js,6abffcf2,Surya Setty,2025-04-19,22:32:44,-07:00,2025-04-19T22:32:44-07:00,0,36
global.js,11,js,6abffcf2,Surya Setty,2025-04-19,22:32:44,-07:00,2025-04-19T22:32:44-07:00,0,30
global.js,12,js,a42c2da8,Surya Setty,2025-05-09,17:19:11,-07:00,2025-05-09T17:19:11-07:00,0,30
global.js,13,js,6abffcf2,Surya Setty,2025-04-19,22:32:44,-07:00,2025-04-19T22:32:44-07:00,0,1
global.js,14,js,6abffcf2,Surya Setty,2025-04-19,22:32:44,-07:00,2025-04-19T22:32:44-07:00,0,0
global.js,15,js,6abffcf2,Surya Setty,2025-04-19,22:32:44,-07:00,2025-04-19T22:32:44-07:00,0,39
global.js,16,js,6abffcf2,Surya Setty,2025-04-19,22:32:44,-07:00,2025-04-19T22:32:44-07:00,0,26
global.js,17,js,6abffcf2,Surya Setty,2025-04-19,22:32:44,-07:00,2025-04-19T22:32:44-07:00,0,0
global.js,18,js,6abffcf2,Surya Setty,2025-04-19,22:32:44,-07:00,2025-04-19T22:32:44-07:00,0,0
global.js,19,js,0a14b30d,Surya Setty,2025-04-19,22:38:08,-07:00,2025-04-19T22:38:08-07:00,0,47
global.js,20,js,6abffcf2,Surya Setty,2025-04-19,22:32:44,-07:00,2025-04-19T22:32:44-07:00,0,89
global.js,21,js,6abffcf2,Surya Setty,2025-04-19,22:32:44,-07:00,2025-04-19T22:32:44-07:00,0,37
global.js,22,js,6a8de71f,Surya Setty,2025-04-19,22:45:41,-07:00,2025-04-19T22:45:41-07:00,0,49
global.js,23,js,6abffcf2,Surya Setty,2025-04-19,22:32:44,-07:00,2025-04-19T22:32:44-07:00,0,0
global.js,24,js,6abffcf2,Surya Setty,2025-04-19,22:32:44,-07:00,2025-04-19T22:32:44-07:00,0,21
global.js,25,js,6abffcf2,Surya Setty,2025-04-19,22:32:44,-07:00,2025-04-19T22:32:44-07:00,0,15
global.js,26,js,6abffcf2,Surya Setty,2025-04-19,22:32:44,-07:00,2025-04-19T22:32:44-07:00,0,19
global.js,27,js,0a14b30d,Surya Setty,2025-04-19,22:38:08,-07:00,2025-04-19T22:38:08-07:00,0,0
global.js,28,js,0a14b30d,Surya Setty,2025-04-19,22:38:08,-07:00,2025-04-19T22:38:08-07:00,0,72
global.js,29,js,0a14b30d,Surya Setty,2025-04-19,22:38:08,-07:00,2025-04-19T22:38:08-07:00,0,59
global.js,30,js,6abffcf2,Surya Setty,2025-04-19,22:32:44,-07:00,2025-04-19T22:32:44-07:00,0,21
global.js,31,js,6abffcf2,Surya Setty,2025-04-19,22:32:44,-07:00,2025-04-19T22:32:44-07:00,0,0
global.js,32,js,0a14b30d,Surya Setty,2025-04-19,22:38:08,-07:00,2025-04-19T22:38:08-07:00,0,0
global.js,33,js,6abffcf2,Surya Setty,2025-04-19,22:32:44,-07:00,2025-04-19T22:32:44-07:00,0,35
global.js,34,js,6abffcf2,Surya Setty,2025-04-19,22:32:44,-07:00,2025-04-19T22:32:44-07:00,0,12
global.js,35,js,6abffcf2,Surya Setty,2025-04-19,22:32:44,-07:00,2025-04-19T22:32:44-07:00,0,21
global.js,36,js,0a14b30d,Surya Setty,2025-04-19,22:38:08,-07:00,2025-04-19T22:38:08-07:00,0,0
global.js,37,js,0a14b30d,Surya Setty,2025-04-19,22:38:08,-07:00,2025-04-19T22:38:08-07:00,0,34
global.js,38,js,0a14b30d,Surya Setty,2025-04-19,22:38:08,-07:00,2025-04-19T22:38:08-07:00,0,41
global.js,39,js,0a14b30d,Surya Setty,2025-04-19,22:38:08,-07:00,2025-04-19T22:38:08-07:00,0,37
global.js,40,js,0a14b30d,Surya Setty,2025-04-19,22:38:08,-07:00,2025-04-19T22:38:08-07:00,0,0
global.js,41,js,0a14b30d,Surya Setty,2025-04-19,22:38:08,-07:00,2025-04-19T22:38:08-07:00,0,35
global.js,42,js,0a14b30d,Surya Setty,2025-04-19,22:38:08,-07:00,2025-04-19T22:38:08-07:00,0,30
global.js,43,js,0a14b30d,Surya Setty,2025-04-19,22:38:08,-07:00,2025-04-19T22:38:08-07:00,0,72
global.js,44,js,0a14b30d,Surya Setty,2025-04-19,22:38:08,-07:00,2025-04-19T22:38:08-07:00,0,69
global.js,45,js,6abffcf2,Surya Setty,2025-04-19,22:32:44,-07:00,2025-04-19T22:32:44-07:00,0,26
global.js,46,js,0a14b30d,Surya Setty,2025-04-19,22:38:08,-07:00,2025-04-19T22:38:08-07:00,0,0
global.js,47,js,0a14b30d,Surya Setty,2025-04-19,22:38:08,-07:00,2025-04-19T22:38:08-07:00,0,0
global.js,48,js,6abffcf2,Surya Setty,2025-04-19,22:32:44,-07:00,2025-04-19T22:32:44-07:00,0,13
global.js,49,js,6abffcf2,Surya Setty,2025-04-19,22:32:44,-07:00,2025-04-19T22:32:44-07:00,0,0
global.js,50,js,6abffcf2,Surya Setty,2025-04-19,22:32:44,-07:00,2025-04-19T22:32:44-07:00,0,0
global.js,51,js,6abffcf2,Surya Setty,2025-04-19,22:32:44,-07:00,2025-04-19T22:32:44-07:00,0,108
global.js,52,js,6abffcf2,Surya Setty,2025-04-19,22:32:44,-07:00,2025-04-19T22:32:44-07:00,0,0
global.js,53,js,6abffcf2,Surya Setty,2025-04-19,22:32:44,-07:00,2025-04-19T22:32:44-07:00,0,32
global.js,54,js,6abffcf2,Surya Setty,2025-04-19,22:32:44,-07:00,2025-04-19T22:32:44-07:00,0,12
global.js,55,js,6abffcf2,Surya Setty,2025-04-19,22:32:44,-07:00,2025-04-19T22:32:44-07:00,0,0
global.js,56,js,6abffcf2,Surya Setty,2025-04-19,22:32:44,-07:00,2025-04-19T22:32:44-07:00,0,27
global.js,57,js,6abffcf2,Surya Setty,2025-04-19,22:32:44,-07:00,2025-04-19T22:32:44-07:00,0,5
global.js,58,js,6abffcf2,Surya Setty,2025-04-19,22:32:44,-07:00,2025-04-19T22:32:44-07:00,0,27
global.js,59,js,6abffcf2,Surya Setty,2025-04-19,22:32:44,-07:00,2025-04-19T22:32:44-07:00,0,44
global.js,60,js,6abffcf2,Surya Setty,2025-04-19,22:32:44,-07:00,2025-04-19T22:32:44-07:00,0,35
global.js,61,js,6abffcf2,Surya Setty,2025-04-19,22:32:44,-07:00,2025-04-19T22:32:44-07:00,0,33
global.js,62,js,6abffcf2,Surya Setty,2025-04-19,22:32:44,-07:00,2025-04-19T22:32:44-07:00,0,8
global.js,63,js,6abffcf2,Surya Setty,2025-04-19,22:32:44,-07:00,2025-04-19T22:32:44-07:00,0,7
global.js,64,js,6abffcf2,Surya Setty,2025-04-19,22:32:44,-07:00,2025-04-19T22:32:44-07:00,0,0
global.js,65,js,6abffcf2,Surya Setty,2025-04-19,22:32:44,-07:00,2025-04-19T22:32:44-07:00,0,1
global.js,66,js,6abffcf2,Surya Setty,2025-04-19,22:32:44,-07:00,2025-04-19T22:32:44-07:00,0,58
global.js,67,js,6abffcf2,Surya Setty,2025-04-19,22:32:44,-07:00,2025-04-19T22:32:44-07:00,0,41
global.js,68,js,6abffcf2,Surya Setty,2025-04-19,22:32:44,-07:00,2025-04-19T22:32:44-07:00,0,80
global.js,69,js,6abffcf2,Surya Setty,2025-04-19,22:32:44,-07:00,2025-04-19T22:32:44-07:00,0,52
global.js,70,js,6abffcf2,Surya Setty,2025-04-19,22:32:44,-07:00,2025-04-19T22:32:44-07:00,0,0
global.js,71,js,6abffcf2,Surya Setty,2025-04-19,22:32:44,-07:00,2025-04-19T22:32:44-07:00,0,47
global.js,72,js,6abffcf2,Surya Setty,2025-04-19,22:32:44,-07:00,2025-04-19T22:32:44-07:00,0,59
global.js,73,js,6abffcf2,Surya Setty,2025-04-19,22:32:44,-07:00,2025-04-19T22:32:44-07:00,0,42
global.js,74,js,6abffcf2,Surya Setty,2025-04-19,22:32:44,-07:00,2025-04-19T22:32:44-07:00,0,54
global.js,75,js,7e0c5781,Surya Setty,2025-04-26,20:54:07,-07:00,2025-04-26T20:54:07-07:00,0,2
global.js,76,js,7e0c5781,Surya Setty,2025-04-26,20:54:07,-07:00,2025-04-26T20:54:07-07:00,0,0
global.js,77,js,7e0c5781,Surya Setty,2025-04-26,20:54:07,-07:00,2025-04-26T20:54:07-07:00,0,37
global.js,78,js,7e0c5781,Surya Setty,2025-04-26,20:54:07,-07:00,2025-04-26T20:54:07-07:00,0,4
global.js,79,js,7e0c5781,Surya Setty,2025-04-26,20:54:07,-07:00,2025-04-26T20:54:07-07:00,0,40
global.js,80,js,7e0c5781,Surya Setty,2025-04-26,20:54:07,-07:00,2025-04-26T20:54:07-07:00,0,33
global.js,81,js,7e0c5781,Surya Setty,2025-04-26,20:54:07,-07:00,2025-04-26T20:54:07-07:00,0,18
global.js,82,js,7e0c5781,Surya Setty,2025-04-26,20:54:07,-07:00,2025-04-26T20:54:07-07:00,0,67
global.js,83,js,7e0c5781,Surya Setty,2025-04-26,20:54:07,-07:00,2025-04-26T20:54:07-07:00,0,0
global.js,84,js,7e0c5781,Surya Setty,2025-04-26,20:54:07,-07:00,2025-04-26T20:54:07-07:00,0,21
global.js,85,js,7e0c5781,Surya Setty,2025-04-26,20:54:07,-07:00,2025-04-26T20:54:07-07:00,0,34
global.js,86,js,7e0c5781,Surya Setty,2025-04-26,20:54:07,-07:00,2025-04-26T20:54:07-07:00,0,11
global.js,87,js,7e0c5781,Surya Setty,2025-04-26,20:54:07,-07:00,2025-04-26T20:54:07-07:00,0,16
global.js,88,js,7e0c5781,Surya Setty,2025-04-26,20:54:07,-07:00,2025-04-26T20:54:07-07:00,0,60
global.js,89,js,7e0c5781,Surya Setty,2025-04-26,20:54:07,-07:00,2025-04-26T20:54:07-07:00,0,0
global.js,90,js,7e0c5781,Surya Setty,2025-04-26,20:54:07,-07:00,2025-04-26T20:54:07-07:00,0,0
global.js,91,js,7e0c5781,Surya Setty,2025-04-26,20:54:07,-07:00,2025-04-26T20:54:07-07:00,0,0
global.js,92,js,7e0c5781,Surya Setty,2025-04-26,20:54:07,-07:00,2025-04-26T20:54:07-07:00,0,79
global.js,93,js,7e0c5781,Surya Setty,2025-04-26,20:54:07,-07:00,2025-04-26T20:54:07-07:00,0,31
global.js,94,js,169106a5,Surya Setty,2025-04-26,21:55:02,-07:00,2025-04-26T21:55:02-07:00,0,0
global.js,95,js,169106a5,Surya Setty,2025-04-26,21:55:02,-07:00,2025-04-26T21:55:02-07:00,0,27
global.js,96,js,169106a5,Surya Setty,2025-04-26,21:55:02,-07:00,2025-04-26T21:55:02-07:00,0,49
global.js,97,js,169106a5,Surya Setty,2025-04-26,21:55:02,-07:00,2025-04-26T21:55:02-07:00,0,20
global.js,98,js,169106a5,Surya Setty,2025-04-26,21:55:02,-07:00,2025-04-26T21:55:02-07:00,0,50
global.js,99,js,169106a5,Surya Setty,2025-04-26,21:55:02,-07:00,2025-04-26T21:55:02-07:00,0,50
global.js,100,js,169106a5,Surya Setty,2025-04-26,21:55:02,-07:00,2025-04-26T21:55:02-07:00,0,28
global.js,101,js,f608125f,Surya Setty,2025-04-28,20:42:50,-07:00,2025-04-28T20:42:50-07:00,0,43
global.js,102,js,169106a5,Surya Setty,2025-04-26,21:55:02,-07:00,2025-04-26T21:55:02-07:00,0,1
global.js,103,js,169106a5,Surya Setty,2025-04-26,21:55:02,-07:00,2025-04-26T21:55:02-07:00,0,37
global.js,104,js,169106a5,Surya Setty,2025-04-26,21:55:02,-07:00,2025-04-26T21:55:02-07:00,0,2
global.js,105,js,7e0c5781,Surya Setty,2025-04-26,20:54:07,-07:00,2025-04-26T20:54:07-07:00,0,0
global.js,106,js,169106a5,Surya Setty,2025-04-26,21:55:02,-07:00,2025-04-26T21:55:02-07:00,0,0
global.js,107,js,169106a5,Surya Setty,2025-04-26,21:55:02,-07:00,2025-04-26T21:55:02-07:00,0,48
global.js,108,js,169106a5,Surya Setty,2025-04-26,21:55:02,-07:00,2025-04-26T21:55:02-07:00,0,60
global.js,109,js,169106a5,Surya Setty,2025-04-26,21:55:02,-07:00,2025-04-26T21:55:02-07:00,0,0
global.js,110,js,169106a5,Surya Setty,2025-04-26,21:55:02,-07:00,2025-04-26T21:55:02-07:00,0,0
global.js,111,js,728cd214,Surya Setty,2025-04-26,22:45:17,-07:00,2025-04-26T22:45:17-07:00,0,63
projects\projects.js,1,js,7e0c5781,Surya Setty,2025-04-26,20:54:07,-07:00,2025-04-26T20:54:07-07:00,0,56
projects\projects.js,2,js,f608125f,Surya Setty,2025-04-28,20:42:50,-07:00,2025-04-28T20:42:50-07:00,0,64
projects\projects.js,3,js,f608125f,Surya Setty,2025-04-28,20:42:50,-07:00,2025-04-28T20:42:50-07:00,0,0
projects\projects.js,4,js,7e0c5781,Surya Setty,2025-04-26,20:54:07,-07:00,2025-04-26T20:54:07-07:00,0,0
projects\projects.js,5,js,7e0c5781,Surya Setty,2025-04-26,20:54:07,-07:00,2025-04-26T20:54:07-07:00,0,56
projects\projects.js,6,js,7e0c5781,Surya Setty,2025-04-26,20:54:07,-07:00,2025-04-26T20:54:07-07:00,0,61
projects\projects.js,7,js,7e0c5781,Surya Setty,2025-04-26,20:54:07,-07:00,2025-04-26T20:54:07-07:00,0,49
projects\projects.js,8,js,7e0c5781,Surya Setty,2025-04-26,20:54:07,-07:00,2025-04-26T20:54:07-07:00,0,0
projects\projects.js,9,js,169106a5,Surya Setty,2025-04-26,21:55:02,-07:00,2025-04-26T21:55:02-07:00,0,35
projects\projects.js,10,js,169106a5,Surya Setty,2025-04-26,21:55:02,-07:00,2025-04-26T21:55:02-07:00,0,49
projects\projects.js,11,js,f608125f,Surya Setty,2025-04-28,20:42:50,-07:00,2025-04-28T20:42:50-07:00,0,53
projects\projects.js,12,js,f608125f,Surya Setty,2025-04-28,20:42:50,-07:00,2025-04-28T20:42:50-07:00,0,0
projects\projects.js,13,js,ce610525,Surya Setty,2025-04-28,20:56:21,-07:00,2025-04-28T20:56:21-07:00,0,0
projects\projects.js,14,js,ce610525,Surya Setty,2025-04-28,20:56:21,-07:00,2025-04-28T20:56:21-07:00,0,11
projects\projects.js,15,js,855a7136,Surya Setty,2025-04-28,21:42:42,-07:00,2025-04-28T21:42:42-07:00,0,34
projects\projects.js,16,js,855a7136,Surya Setty,2025-04-28,21:42:42,-07:00,2025-04-28T21:42:42-07:00,0,27
projects\projects.js,17,js,855a7136,Surya Setty,2025-04-28,21:42:42,-07:00,2025-04-28T21:42:42-07:00,0,8
projects\projects.js,18,js,855a7136,Surya Setty,2025-04-28,21:42:42,-07:00,2025-04-28T21:42:42-07:00,0,15
projects\projects.js,19,js,855a7136,Surya Setty,2025-04-28,21:42:42,-07:00,2025-04-28T21:42:42-07:00,0,13
projects\projects.js,20,js,855a7136,Surya Setty,2025-04-28,21:42:42,-07:00,2025-04-28T21:42:42-07:00,0,1
projects\projects.js,21,js,855a7136,Surya Setty,2025-04-28,21:42:42,-07:00,2025-04-28T21:42:42-07:00,0,45
projects\projects.js,22,js,855a7136,Surya Setty,2025-04-28,21:42:42,-07:00,2025-04-28T21:42:42-07:00,0,36
projects\projects.js,23,js,855a7136,Surya Setty,2025-04-28,21:42:42,-07:00,2025-04-28T21:42:42-07:00,0,2
projects\projects.js,24,js,ce610525,Surya Setty,2025-04-28,20:56:21,-07:00,2025-04-28T20:56:21-07:00,0,0
projects\projects.js,25,js,855a7136,Surya Setty,2025-04-28,21:42:42,-07:00,2025-04-28T21:42:42-07:00,0,20
projects\projects.js,26,js,855a7136,Surya Setty,2025-04-28,21:42:42,-07:00,2025-04-28T21:42:42-07:00,0,58
projects\projects.js,27,js,855a7136,Surya Setty,2025-04-28,21:42:42,-07:00,2025-04-28T21:42:42-07:00,0,51
projects\projects.js,28,js,855a7136,Surya Setty,2025-04-28,21:42:42,-07:00,2025-04-28T21:42:42-07:00,0,13
projects\projects.js,29,js,855a7136,Surya Setty,2025-04-28,21:42:42,-07:00,2025-04-28T21:42:42-07:00,0,0
projects\projects.js,30,js,855a7136,Surya Setty,2025-04-28,21:42:42,-07:00,2025-04-28T21:42:42-07:00,0,20
projects\projects.js,31,js,855a7136,Surya Setty,2025-04-28,21:42:42,-07:00,2025-04-28T21:42:42-07:00,0,16
projects\projects.js,32,js,855a7136,Surya Setty,2025-04-28,21:42:42,-07:00,2025-04-28T21:42:42-07:00,0,0
projects\projects.js,33,js,855a7136,Surya Setty,2025-04-28,21:42:42,-07:00,2025-04-28T21:42:42-07:00,0,13
projects\projects.js,34,js,855a7136,Surya Setty,2025-04-28,21:42:42,-07:00,2025-04-28T21:42:42-07:00,0,16
projects\projects.js,35,js,855a7136,Surya Setty,2025-04-28,21:42:42,-07:00,2025-04-28T21:42:42-07:00,0,0
projects\projects.js,36,js,855a7136,Surya Setty,2025-04-28,21:42:42,-07:00,2025-04-28T21:42:42-07:00,0,20
projects\projects.js,37,js,855a7136,Surya Setty,2025-04-28,21:42:42,-07:00,2025-04-28T21:42:42-07:00,0,54
projects\projects.js,38,js,855a7136,Surya Setty,2025-04-28,21:42:42,-07:00,2025-04-28T21:42:42-07:00,0,45
projects\projects.js,39,js,855a7136,Surya Setty,2025-04-28,21:42:42,-07:00,2025-04-28T21:42:42-07:00,0,16
projects\projects.js,40,js,855a7136,Surya Setty,2025-04-28,21:42:42,-07:00,2025-04-28T21:42:42-07:00,0,0
projects\projects.js,41,js,855a7136,Surya Setty,2025-04-28,21:42:42,-07:00,2025-04-28T21:42:42-07:00,0,29
projects\projects.js,42,js,855a7136,Surya Setty,2025-04-28,21:42:42,-07:00,2025-04-28T21:42:42-07:00,0,33
projects\projects.js,43,js,855a7136,Surya Setty,2025-04-28,21:42:42,-07:00,2025-04-28T21:42:42-07:00,0,46
projects\projects.js,44,js,855a7136,Surya Setty,2025-04-28,21:42:42,-07:00,2025-04-28T21:42:42-07:00,0,48
projects\projects.js,45,js,855a7136,Surya Setty,2025-04-28,21:42:42,-07:00,2025-04-28T21:42:42-07:00,0,27
projects\projects.js,46,js,855a7136,Surya Setty,2025-04-28,21:42:42,-07:00,2025-04-28T21:42:42-07:00,0,71
projects\projects.js,47,js,855a7136,Surya Setty,2025-04-28,21:42:42,-07:00,2025-04-28T21:42:42-07:00,0,2
projects\projects.js,48,js,f608125f,Surya Setty,2025-04-28,20:42:50,-07:00,2025-04-28T20:42:50-07:00,0,0
projects\projects.js,49,js,855a7136,Surya Setty,2025-04-28,21:42:42,-07:00,2025-04-28T21:42:42-07:00,0,33
projects\projects.js,50,js,855a7136,Surya Setty,2025-04-28,21:42:42,-07:00,2025-04-28T21:42:42-07:00,0,31
projects\projects.js,51,js,855a7136,Surya Setty,2025-04-28,21:42:42,-07:00,2025-04-28T21:42:42-07:00,0,25
projects\projects.js,52,js,855a7136,Surya Setty,2025-04-28,21:42:42,-07:00,2025-04-28T21:42:42-07:00,0,5
projects\projects.js,53,js,855a7136,Surya Setty,2025-04-28,21:42:42,-07:00,2025-04-28T21:42:42-07:00,0,12
projects\projects.js,54,js,855a7136,Surya Setty,2025-04-28,21:42:42,-07:00,2025-04-28T21:42:42-07:00,0,94
projects\projects.js,55,js,855a7136,Surya Setty,2025-04-28,21:42:42,-07:00,2025-04-28T21:42:42-07:00,0,100
projects\projects.js,56,js,855a7136,Surya Setty,2025-04-28,21:42:42,-07:00,2025-04-28T21:42:42-07:00,0,2
projects\projects.js,57,js,855a7136,Surya Setty,2025-04-28,21:42:42,-07:00,2025-04-28T21:42:42-07:00,0,0
projects\projects.js,58,js,855a7136,Surya Setty,2025-04-28,21:42:42,-07:00,2025-04-28T21:42:42-07:00,0,24
projects\projects.js,59,js,855a7136,Surya Setty,2025-04-28,21:42:42,-07:00,2025-04-28T21:42:42-07:00,0,0
projects\projects.js,60,js,855a7136,Surya Setty,2025-04-28,21:42:42,-07:00,2025-04-28T21:42:42-07:00,0,14
projects\projects.js,61,js,855a7136,Surya Setty,2025-04-28,21:42:42,-07:00,2025-04-28T21:42:42-07:00,0,14
projects\projects.js,62,js,855a7136,Surya Setty,2025-04-28,21:42:42,-07:00,2025-04-28T21:42:42-07:00,0,54
projects\projects.js,63,js,855a7136,Surya Setty,2025-04-28,21:42:42,-07:00,2025-04-28T21:42:42-07:00,0,0
projects\projects.js,64,js,855a7136,Surya Setty,2025-04-28,21:42:42,-07:00,2025-04-28T21:42:42-07:00,0,50
projects\projects.js,65,js,855a7136,Surya Setty,2025-04-28,21:42:42,-07:00,2025-04-28T21:42:42-07:00,0,20
projects\projects.js,66,js,855a7136,Surya Setty,2025-04-28,21:42:42,-07:00,2025-04-28T21:42:42-07:00,0,26
projects\projects.js,67,js,e900d04c,Surya Setty,2025-05-02,22:30:34,-07:00,2025-05-02T22:30:34-07:00,0,21
projects\projects.js,68,js,855a7136,Surya Setty,2025-04-28,21:42:42,-07:00,2025-04-28T21:42:42-07:00,0,52
projects\projects.js,69,js,855a7136,Surya Setty,2025-04-28,21:42:42,-07:00,2025-04-28T21:42:42-07:00,0,60
projects\projects.js,70,js,855a7136,Surya Setty,2025-04-28,21:42:42,-07:00,2025-04-28T21:42:42-07:00,0,43
projects\projects.js,71,js,855a7136,Surya Setty,2025-04-28,21:42:42,-07:00,2025-04-28T21:42:42-07:00,0,2
projects\projects.js,72,js,e900d04c,Surya Setty,2025-05-02,22:30:34,-07:00,2025-05-02T22:30:34-07:00,0,26
projects\projects.js,73,js,855a7136,Surya Setty,2025-04-28,21:42:42,-07:00,2025-04-28T21:42:42-07:00,0,57
projects\projects.js,74,js,e900d04c,Surya Setty,2025-05-02,22:30:34,-07:00,2025-05-02T22:30:34-07:00,0,43
projects\projects.js,75,js,e900d04c,Surya Setty,2025-05-02,22:30:34,-07:00,2025-05-02T22:30:34-07:00,0,2
projects\projects.js,76,js,e900d04c,Surya Setty,2025-05-02,22:30:34,-07:00,2025-05-02T22:30:34-07:00,0,0
projects\projects.js,77,js,e900d04c,Surya Setty,2025-05-02,22:30:34,-07:00,2025-05-02T22:30:34-07:00,0,17
projects\projects.js,78,js,e900d04c,Surya Setty,2025-05-02,22:30:34,-07:00,2025-05-02T22:30:34-07:00,0,37
projects\projects.js,79,js,e900d04c,Surya Setty,2025-05-02,22:30:34,-07:00,2025-05-02T22:30:34-07:00,0,29
projects\projects.js,80,js,e900d04c,Surya Setty,2025-05-02,22:30:34,-07:00,2025-05-02T22:30:34-07:00,0,33
projects\projects.js,81,js,e900d04c,Surya Setty,2025-05-02,22:30:34,-07:00,2025-05-02T22:30:34-07:00,0,28
projects\projects.js,82,js,e900d04c,Surya Setty,2025-05-02,22:30:34,-07:00,2025-05-02T22:30:34-07:00,0,7
projects\projects.js,83,js,e900d04c,Surya Setty,2025-05-02,22:30:34,-07:00,2025-05-02T22:30:34-07:00,0,21
projects\projects.js,84,js,e900d04c,Surya Setty,2025-05-02,22:30:34,-07:00,2025-05-02T22:30:34-07:00,0,21
projects\projects.js,85,js,e900d04c,Surya Setty,2025-05-02,22:30:34,-07:00,2025-05-02T22:30:34-07:00,0,30
projects\projects.js,86,js,e900d04c,Surya Setty,2025-05-02,22:30:34,-07:00,2025-05-02T22:30:34-07:00,0,28
projects\projects.js,87,js,e900d04c,Surya Setty,2025-05-02,22:30:34,-07:00,2025-05-02T22:30:34-07:00,0,32
projects\projects.js,88,js,e900d04c,Surya Setty,2025-05-02,22:30:34,-07:00,2025-05-02T22:30:34-07:00,0,55
projects\projects.js,89,js,e900d04c,Surya Setty,2025-05-02,22:30:34,-07:00,2025-05-02T22:30:34-07:00,0,0
projects\projects.js,90,js,e900d04c,Surya Setty,2025-05-02,22:30:34,-07:00,2025-05-02T22:30:34-07:00,0,13
projects\projects.js,91,js,e900d04c,Surya Setty,2025-05-02,22:30:34,-07:00,2025-05-02T22:30:34-07:00,0,28
projects\projects.js,92,js,e900d04c,Surya Setty,2025-05-02,22:30:34,-07:00,2025-05-02T22:30:34-07:00,0,38
projects\projects.js,93,js,e900d04c,Surya Setty,2025-05-02,22:30:34,-07:00,2025-05-02T22:30:34-07:00,0,80
projects\projects.js,94,js,e900d04c,Surya Setty,2025-05-02,22:30:34,-07:00,2025-05-02T22:30:34-07:00,0,52
projects\projects.js,95,js,e900d04c,Surya Setty,2025-05-02,22:30:34,-07:00,2025-05-02T22:30:34-07:00,0,13
projects\projects.js,96,js,e900d04c,Surya Setty,2025-05-02,22:30:34,-07:00,2025-05-02T22:30:34-07:00,0,9
projects\projects.js,97,js,e900d04c,Surya Setty,2025-05-02,22:30:34,-07:00,2025-05-02T22:30:34-07:00,0,5
projects\projects.js,98,js,e900d04c,Surya Setty,2025-05-02,22:30:34,-07:00,2025-05-02T22:30:34-07:00,0,0
projects\projects.js,99,js,e900d04c,Surya Setty,2025-05-02,22:30:34,-07:00,2025-05-02T22:30:34-07:00,0,34
projects\projects.js,100,js,e900d04c,Surya Setty,2025-05-02,22:30:34,-07:00,2025-05-02T22:30:34-07:00,0,26
projects\projects.js,101,js,e900d04c,Surya Setty,2025-05-02,22:30:34,-07:00,2025-05-02T22:30:34-07:00,0,0
projects\projects.js,102,js,e900d04c,Surya Setty,2025-05-02,22:30:34,-07:00,2025-05-02T22:30:34-07:00,0,45
projects\projects.js,103,js,e900d04c,Surya Setty,2025-05-02,22:30:34,-07:00,2025-05-02T22:30:34-07:00,0,27
projects\projects.js,104,js,e900d04c,Surya Setty,2025-05-02,22:30:34,-07:00,2025-05-02T22:30:34-07:00,0,8
projects\projects.js,105,js,e900d04c,Surya Setty,2025-05-02,22:30:34,-07:00,2025-05-02T22:30:34-07:00,0,15
projects\projects.js,106,js,e900d04c,Surya Setty,2025-05-02,22:30:34,-07:00,2025-05-02T22:30:34-07:00,0,13
projects\projects.js,107,js,e900d04c,Surya Setty,2025-05-02,22:30:34,-07:00,2025-05-02T22:30:34-07:00,0,1
projects\projects.js,108,js,e900d04c,Surya Setty,2025-05-02,22:30:34,-07:00,2025-05-02T22:30:34-07:00,0,45
projects\projects.js,109,js,e900d04c,Surya Setty,2025-05-02,22:30:34,-07:00,2025-05-02T22:30:34-07:00,0,36
projects\projects.js,110,js,e900d04c,Surya Setty,2025-05-02,22:30:34,-07:00,2025-05-02T22:30:34-07:00,0,2
projects\projects.js,111,js,e900d04c,Surya Setty,2025-05-02,22:30:34,-07:00,2025-05-02T22:30:34-07:00,0,0
projects\projects.js,112,js,e900d04c,Surya Setty,2025-05-02,22:30:34,-07:00,2025-05-02T22:30:34-07:00,0,58
projects\projects.js,113,js,e900d04c,Surya Setty,2025-05-02,22:30:34,-07:00,2025-05-02T22:30:34-07:00,0,51
projects\projects.js,114,js,e900d04c,Surya Setty,2025-05-02,22:30:34,-07:00,2025-05-02T22:30:34-07:00,0,13
projects\projects.js,115,js,e900d04c,Surya Setty,2025-05-02,22:30:34,-07:00,2025-05-02T22:30:34-07:00,0,0
projects\projects.js,116,js,e900d04c,Surya Setty,2025-05-02,22:30:34,-07:00,2025-05-02T22:30:34-07:00,0,20
projects\projects.js,117,js,e900d04c,Surya Setty,2025-05-02,22:30:34,-07:00,2025-05-02T22:30:34-07:00,0,16
projects\projects.js,118,js,e900d04c,Surya Setty,2025-05-02,22:30:34,-07:00,2025-05-02T22:30:34-07:00,0,0
projects\projects.js,119,js,e900d04c,Surya Setty,2025-05-02,22:30:34,-07:00,2025-05-02T22:30:34-07:00,0,13
projects\projects.js,120,js,e900d04c,Surya Setty,2025-05-02,22:30:34,-07:00,2025-05-02T22:30:34-07:00,0,16
projects\projects.js,121,js,e900d04c,Surya Setty,2025-05-02,22:30:34,-07:00,2025-05-02T22:30:34-07:00,0,0
projects\projects.js,122,js,e900d04c,Surya Setty,2025-05-02,22:30:34,-07:00,2025-05-02T22:30:34-07:00,0,20
projects\projects.js,123,js,e900d04c,Surya Setty,2025-05-02,22:30:34,-07:00,2025-05-02T22:30:34-07:00,0,54
projects\projects.js,124,js,e900d04c,Surya Setty,2025-05-02,22:30:34,-07:00,2025-05-02T22:30:34-07:00,0,45
projects\projects.js,125,js,e900d04c,Surya Setty,2025-05-02,22:30:34,-07:00,2025-05-02T22:30:34-07:00,0,16
projects\projects.js,126,js,e900d04c,Surya Setty,2025-05-02,22:30:34,-07:00,2025-05-02T22:30:34-07:00,0,0
projects\projects.js,127,js,e900d04c,Surya Setty,2025-05-02,22:30:34,-07:00,2025-05-02T22:30:34-07:00,0,0
projects\projects.js,128,js,e900d04c,Surya Setty,2025-05-02,22:30:34,-07:00,2025-05-02T22:30:34-07:00,0,46
projects\projects.js,129,js,e900d04c,Surya Setty,2025-05-02,22:30:34,-07:00,2025-05-02T22:30:34-07:00,0,48
projects\projects.js,130,js,e900d04c,Surya Setty,2025-05-02,22:30:34,-07:00,2025-05-02T22:30:34-07:00,0,0
projects\projects.js,131,js,e900d04c,Surya Setty,2025-05-02,22:30:34,-07:00,2025-05-02T22:30:34-07:00,0,33
projects\projects.js,132,js,e900d04c,Surya Setty,2025-05-02,22:30:34,-07:00,2025-05-02T22:30:34-07:00,0,31
projects\projects.js,133,js,e900d04c,Surya Setty,2025-05-02,22:30:34,-07:00,2025-05-02T22:30:34-07:00,0,25
projects\projects.js,134,js,e900d04c,Surya Setty,2025-05-02,22:30:34,-07:00,2025-05-02T22:30:34-07:00,0,5
projects\projects.js,135,js,e900d04c,Surya Setty,2025-05-02,22:30:34,-07:00,2025-05-02T22:30:34-07:00,0,12
projects\projects.js,136,js,e900d04c,Surya Setty,2025-05-02,22:30:34,-07:00,2025-05-02T22:30:34-07:00,0,39
projects\projects.js,137,js,e900d04c,Surya Setty,2025-05-02,22:30:34,-07:00,2025-05-02T22:30:34-07:00,0,69
projects\projects.js,138,js,e900d04c,Surya Setty,2025-05-02,22:30:34,-07:00,2025-05-02T22:30:34-07:00,0,27
projects\projects.js,139,js,e900d04c,Surya Setty,2025-05-02,22:30:34,-07:00,2025-05-02T22:30:34-07:00,0,39
projects\projects.js,140,js,e900d04c,Surya Setty,2025-05-02,22:30:34,-07:00,2025-05-02T22:30:34-07:00,0,63
projects\projects.js,141,js,e900d04c,Surya Setty,2025-05-02,22:30:34,-07:00,2025-05-02T22:30:34-07:00,0,55
projects\projects.js,142,js,e900d04c,Surya Setty,2025-05-02,22:30:34,-07:00,2025-05-02T22:30:34-07:00,0,2
projects\projects.js,143,js,e900d04c,Surya Setty,2025-05-02,22:30:34,-07:00,2025-05-02T22:30:34-07:00,0,30
projects\projects.js,144,js,e900d04c,Surya Setty,2025-05-02,22:30:34,-07:00,2025-05-02T22:30:34-07:00,0,25
projects\projects.js,145,js,e900d04c,Surya Setty,2025-05-02,22:30:34,-07:00,2025-05-02T22:30:34-07:00,0,2
projects\projects.js,146,js,e900d04c,Surya Setty,2025-05-02,22:30:34,-07:00,2025-05-02T22:30:34-07:00,0,14
projects\projects.js,147,js,e900d04c,Surya Setty,2025-05-02,22:30:34,-07:00,2025-05-02T22:30:34-07:00,0,14
projects\projects.js,148,js,e900d04c,Surya Setty,2025-05-02,22:30:34,-07:00,2025-05-02T22:30:34-07:00,0,23
projects\projects.js,149,js,e900d04c,Surya Setty,2025-05-02,22:30:34,-07:00,2025-05-02T22:30:34-07:00,0,21
projects\projects.js,150,js,e900d04c,Surya Setty,2025-05-02,22:30:34,-07:00,2025-05-02T22:30:34-07:00,0,25
projects\projects.js,151,js,e900d04c,Surya Setty,2025-05-02,22:30:34,-07:00,2025-05-02T22:30:34-07:00,0,44
projects\projects.js,152,js,e900d04c,Surya Setty,2025-05-02,22:30:34,-07:00,2025-05-02T22:30:34-07:00,0,0
projects\projects.js,153,js,e900d04c,Surya Setty,2025-05-02,22:30:34,-07:00,2025-05-02T22:30:34-07:00,0,2
projects\projects.js,154,js,e900d04c,Surya Setty,2025-05-02,22:30:34,-07:00,2025-05-02T22:30:34-07:00,0,17
projects\projects.js,155,js,e900d04c,Surya Setty,2025-05-02,22:30:34,-07:00,2025-05-02T22:30:34-07:00,0,27
projects\projects.js,156,js,e900d04c,Surya Setty,2025-05-02,22:30:34,-07:00,2025-05-02T22:30:34-07:00,0,38
projects\projects.js,157,js,e900d04c,Surya Setty,2025-05-02,22:30:34,-07:00,2025-05-02T22:30:34-07:00,0,2
projects\projects.js,158,js,e900d04c,Surya Setty,2025-05-02,22:30:34,-07:00,2025-05-02T22:30:34-07:00,0,21
projects\projects.js,159,js,e900d04c,Surya Setty,2025-05-02,22:30:34,-07:00,2025-05-02T22:30:34-07:00,0,55
projects\projects.js,160,js,e900d04c,Surya Setty,2025-05-02,22:30:34,-07:00,2025-05-02T22:30:34-07:00,0,0
projects\projects.js,161,js,e900d04c,Surya Setty,2025-05-02,22:30:34,-07:00,2025-05-02T22:30:34-07:00,0,26
projects\projects.js,162,js,e900d04c,Surya Setty,2025-05-02,22:30:34,-07:00,2025-05-02T22:30:34-07:00,0,49
projects\projects.js,163,js,e900d04c,Surya Setty,2025-05-02,22:30:34,-07:00,2025-05-02T22:30:34-07:00,0,7
projects\projects.js,164,js,e900d04c,Surya Setty,2025-05-02,22:30:34,-07:00,2025-05-02T22:30:34-07:00,0,53
projects\projects.js,165,js,e900d04c,Surya Setty,2025-05-02,22:30:34,-07:00,2025-05-02T22:30:34-07:00,0,32
projects\projects.js,166,js,e900d04c,Surya Setty,2025-05-02,22:30:34,-07:00,2025-05-02T22:30:34-07:00,0,0
projects\projects.js,167,js,e900d04c,Surya Setty,2025-05-02,22:30:34,-07:00,2025-05-02T22:30:34-07:00,0,52
projects\projects.js,168,js,e900d04c,Surya Setty,2025-05-02,22:30:34,-07:00,2025-05-02T22:30:34-07:00,0,49
projects\projects.js,169,js,e900d04c,Surya Setty,2025-05-02,22:30:34,-07:00,2025-05-02T22:30:34-07:00,0,2
projects\projects.js,170,js,e900d04c,Surya Setty,2025-05-02,22:30:34,-07:00,2025-05-02T22:30:34-07:00,0,57
projects\projects.js,171,js,e900d04c,Surya Setty,2025-05-02,22:30:34,-07:00,2025-05-02T22:30:34-07:00,0,2
projects\projects.js,172,js,e900d04c,Surya Setty,2025-05-02,22:30:34,-07:00,2025-05-02T22:30:34-07:00,0,2
projects\projects.js,173,js,e900d04c,Surya Setty,2025-05-02,22:30:34,-07:00,2025-05-02T22:30:34-07:00,0,0
projects\projects.js,174,js,e900d04c,Surya Setty,2025-05-02,22:30:34,-07:00,2025-05-02T22:30:34-07:00,0,0
projects\projects.js,175,js,e900d04c,Surya Setty,2025-05-02,22:30:34,-07:00,2025-05-02T22:30:34-07:00,0,27
projects\projects.js,176,js,e900d04c,Surya Setty,2025-05-02,22:30:34,-07:00,2025-05-02T22:30:34-07:00,0,35
projects\index.html,1,html,a5e854ff,Surya Setty,2025-04-04,14:10:40,-07:00,2025-04-04T14:10:40-07:00,0,14
projects\index.html,2,html,a5e854ff,Surya Setty,2025-04-04,14:10:40,-07:00,2025-04-04T14:10:40-07:00,0,15
projects\index.html,3,html,a5e854ff,Surya Setty,2025-04-04,14:10:40,-07:00,2025-04-04T14:10:40-07:00,0,5
projects\index.html,4,html,a5e854ff,Surya Setty,2025-04-04,14:10:40,-07:00,2025-04-04T14:10:40-07:00,0,21
projects\index.html,5,html,a5e854ff,Surya Setty,2025-04-04,14:10:40,-07:00,2025-04-04T14:10:40-07:00,0,69
projects\index.html,6,html,a5e854ff,Surya Setty,2025-04-04,14:10:40,-07:00,2025-04-04T14:10:40-07:00,0,24
projects\index.html,7,html,5f9de748,Surya Setty,2025-04-19,15:19:19,-07:00,2025-04-19T15:19:19-07:00,0,46
projects\index.html,8,html,6abffcf2,Surya Setty,2025-04-19,22:32:44,-07:00,2025-04-19T22:32:44-07:00,0,59
projects\index.html,9,html,f608125f,Surya Setty,2025-04-28,20:42:50,-07:00,2025-04-28T20:42:50-07:00,0,95
projects\index.html,10,html,a5e854ff,Surya Setty,2025-04-04,14:10:40,-07:00,2025-04-04T14:10:40-07:00,0,0
projects\index.html,11,html,a5e854ff,Surya Setty,2025-04-04,14:10:40,-07:00,2025-04-04T14:10:40-07:00,0,6
projects\index.html,12,html,a5e854ff,Surya Setty,2025-04-04,14:10:40,-07:00,2025-04-04T14:10:40-07:00,0,5
projects\index.html,13,html,169106a5,Surya Setty,2025-04-26,21:55:02,-07:00,2025-04-26T21:55:02-07:00,0,9
projects\index.html,14,html,f608125f,Surya Setty,2025-04-28,20:42:50,-07:00,2025-04-28T20:42:50-07:00,0,22
projects\index.html,15,html,f608125f,Surya Setty,2025-04-28,20:42:50,-07:00,2025-04-28T20:42:50-07:00,0,53
projects\index.html,16,html,f608125f,Surya Setty,2025-04-28,20:42:50,-07:00,2025-04-28T20:42:50-07:00,0,5
projects\index.html,17,html,f608125f,Surya Setty,2025-04-28,20:42:50,-07:00,2025-04-28T20:42:50-07:00,0,18
projects\index.html,18,html,f608125f,Surya Setty,2025-04-28,20:42:50,-07:00,2025-04-28T20:42:50-07:00,0,4
projects\index.html,19,html,f608125f,Surya Setty,2025-04-28,20:42:50,-07:00,2025-04-28T20:42:50-07:00,0,5
projects\index.html,20,html,855a7136,Surya Setty,2025-04-28,21:42:42,-07:00,2025-04-28T21:42:42-07:00,0,5
projects\index.html,21,html,855a7136,Surya Setty,2025-04-28,21:42:42,-07:00,2025-04-28T21:42:42-07:00,0,16
projects\index.html,22,html,855a7136,Surya Setty,2025-04-28,21:42:42,-07:00,2025-04-28T21:42:42-07:00,0,12
projects\index.html,23,html,855a7136,Surya Setty,2025-04-28,21:42:42,-07:00,2025-04-28T21:42:42-07:00,0,27
projects\index.html,24,html,855a7136,Surya Setty,2025-04-28,21:42:42,-07:00,2025-04-28T21:42:42-07:00,0,32
projects\index.html,25,html,855a7136,Surya Setty,2025-04-28,21:42:42,-07:00,2025-04-28T21:42:42-07:00,0,1
projects\index.html,26,html,5f9de748,Surya Setty,2025-04-19,15:19:19,-07:00,2025-04-19T15:19:19-07:00,0,21
projects\index.html,27,html,5f9de748,Surya Setty,2025-04-19,15:19:19,-07:00,2025-04-19T15:19:19-07:00,0,5
projects\index.html,28,html,169106a5,Surya Setty,2025-04-26,21:55:02,-07:00,2025-04-26T21:55:02-07:00,0,0
projects\index.html,29,html,169106a5,Surya Setty,2025-04-26,21:55:02,-07:00,2025-04-26T21:55:02-07:00,0,22
projects\index.html,30,html,169106a5,Surya Setty,2025-04-26,21:55:02,-07:00,2025-04-26T21:55:02-07:00,0,50
projects\index.html,31,html,f608125f,Surya Setty,2025-04-28,20:42:50,-07:00,2025-04-28T20:42:50-07:00,0,48
projects\index.html,32,html,a5e854ff,Surya Setty,2025-04-04,14:10:40,-07:00,2025-04-04T14:10:40-07:00,0,6
projects\index.html,33,html,a5e854ff,Surya Setty,2025-04-04,14:10:40,-07:00,2025-04-04T14:10:40-07:00,0,6
meta\index.html,1,html,a42c2da8,Surya Setty,2025-05-09,17:19:11,-07:00,2025-05-09T17:19:11-07:00,0,14
meta\index.html,2,html,a42c2da8,Surya Setty,2025-05-09,17:19:11,-07:00,2025-05-09T17:19:11-07:00,0,15
meta\index.html,3,html,a42c2da8,Surya Setty,2025-05-09,17:19:11,-07:00,2025-05-09T17:19:11-07:00,0,5
meta\index.html,4,html,a42c2da8,Surya Setty,2025-05-09,17:19:11,-07:00,2025-05-09T17:19:11-07:00,0,21
meta\index.html,5,html,a42c2da8,Surya Setty,2025-05-09,17:19:11,-07:00,2025-05-09T17:19:11-07:00,0,69
meta\index.html,6,html,a42c2da8,Surya Setty,2025-05-09,17:19:11,-07:00,2025-05-09T17:19:11-07:00,0,24
meta\index.html,7,html,a42c2da8,Surya Setty,2025-05-09,17:19:11,-07:00,2025-05-09T17:19:11-07:00,0,46
meta\index.html,8,html,a42c2da8,Surya Setty,2025-05-09,17:19:11,-07:00,2025-05-09T17:19:11-07:00,0,59
meta\index.html,9,html,a42c2da8,Surya Setty,2025-05-09,17:19:11,-07:00,2025-05-09T17:19:11-07:00,0,6
meta\index.html,10,html,a42c2da8,Surya Setty,2025-05-09,17:19:11,-07:00,2025-05-09T17:19:11-07:00,0,5
meta\index.html,11,html,a42c2da8,Surya Setty,2025-05-09,17:19:11,-07:00,2025-05-09T17:19:11-07:00,0,29
meta\index.html,12,html,a42c2da8,Surya Setty,2025-05-09,17:19:11,-07:00,2025-05-09T17:19:11-07:00,0,81
meta\index.html,13,html,a42c2da8,Surya Setty,2025-05-09,17:19:11,-07:00,2025-05-09T17:19:11-07:00,0,6
meta\index.html,14,html,a42c2da8,Surya Setty,2025-05-09,17:19:11,-07:00,2025-05-09T17:19:11-07:00,0,6
cv\index.html,1,html,a5e854ff,Surya Setty,2025-04-04,14:10:40,-07:00,2025-04-04T14:10:40-07:00,0,14
cv\index.html,2,html,a5e854ff,Surya Setty,2025-04-04,14:10:40,-07:00,2025-04-04T14:10:40-07:00,0,15
cv\index.html,3,html,a5e854ff,Surya Setty,2025-04-04,14:10:40,-07:00,2025-04-04T14:10:40-07:00,0,5
cv\index.html,4,html,a5e854ff,Surya Setty,2025-04-04,14:10:40,-07:00,2025-04-04T14:10:40-07:00,0,21
cv\index.html,5,html,a5e854ff,Surya Setty,2025-04-04,14:10:40,-07:00,2025-04-04T14:10:40-07:00,0,69
cv\index.html,6,html,a5e854ff,Surya Setty,2025-04-04,14:10:40,-07:00,2025-04-04T14:10:40-07:00,0,22
cv\index.html,7,html,5f9de748,Surya Setty,2025-04-19,15:19:19,-07:00,2025-04-19T15:19:19-07:00,0,46
cv\index.html,8,html,6abffcf2,Surya Setty,2025-04-19,22:32:44,-07:00,2025-04-19T22:32:44-07:00,0,59
cv\index.html,9,html,a5e854ff,Surya Setty,2025-04-04,14:10:40,-07:00,2025-04-04T14:10:40-07:00,0,6
cv\index.html,10,html,a5e854ff,Surya Setty,2025-04-04,14:10:40,-07:00,2025-04-04T14:10:40-07:00,0,5
cv\index.html,11,html,6abffcf2,Surya Setty,2025-04-19,22:32:44,-07:00,2025-04-19T22:32:44-07:00,0,9
cv\index.html,12,html,a5e854ff,Surya Setty,2025-04-04,14:10:40,-07:00,2025-04-04T14:10:40-07:00,0,31
cv\index.html,13,html,a5e854ff,Surya Setty,2025-04-04,14:10:40,-07:00,2025-04-04T14:10:40-07:00,0,46
cv\index.html,14,html,a5e854ff,Surya Setty,2025-04-04,14:10:40,-07:00,2025-04-04T14:10:40-07:00,0,44
cv\index.html,15,html,a5e854ff,Surya Setty,2025-04-04,14:10:40,-07:00,2025-04-04T14:10:40-07:00,0,69
cv\index.html,16,html,6abffcf2,Surya Setty,2025-04-19,22:32:44,-07:00,2025-04-19T22:32:44-07:00,0,28
cv\index.html,17,html,6abffcf2,Surya Setty,2025-04-19,22:32:44,-07:00,2025-04-19T22:32:44-07:00,0,59
cv\index.html,18,html,6abffcf2,Surya Setty,2025-04-19,22:32:44,-07:00,2025-04-19T22:32:44-07:00,0,0
cv\index.html,19,html,6abffcf2,Surya Setty,2025-04-19,22:32:44,-07:00,2025-04-19T22:32:44-07:00,0,9
cv\index.html,20,html,5f9de748,Surya Setty,2025-04-19,15:19:19,-07:00,2025-04-19T15:19:19-07:00,0,31
cv\index.html,21,html,a5e854ff,Surya Setty,2025-04-04,14:10:40,-07:00,2025-04-04T14:10:40-07:00,0,21
cv\index.html,22,html,a5e854ff,Surya Setty,2025-04-04,14:10:40,-07:00,2025-04-04T14:10:40-07:00,0,27
cv\index.html,23,html,a5e854ff,Surya Setty,2025-04-04,14:10:40,-07:00,2025-04-04T14:10:40-07:00,0,37
cv\index.html,24,html,a5e854ff,Surya Setty,2025-04-04,14:10:40,-07:00,2025-04-04T14:10:40-07:00,0,28
cv\index.html,25,html,5f9de748,Surya Setty,2025-04-19,15:19:19,-07:00,2025-04-19T15:19:19-07:00,0,74
cv\index.html,26,html,a5e854ff,Surya Setty,2025-04-04,14:10:40,-07:00,2025-04-04T14:10:40-07:00,0,5
cv\index.html,27,html,a5e854ff,Surya Setty,2025-04-04,14:10:40,-07:00,2025-04-04T14:10:40-07:00,0,9
cv\index.html,28,html,5f9de748,Surya Setty,2025-04-19,15:19:19,-07:00,2025-04-19T15:19:19-07:00,0,31
cv\index.html,29,html,5f9de748,Surya Setty,2025-04-19,15:19:19,-07:00,2025-04-19T15:19:19-07:00,0,32
cv\index.html,30,html,a5e854ff,Surya Setty,2025-04-04,14:10:40,-07:00,2025-04-04T14:10:40-07:00,0,22
cv\index.html,31,html,a5e854ff,Surya Setty,2025-04-04,14:10:40,-07:00,2025-04-04T14:10:40-07:00,0,57
cv\index.html,32,html,a5e854ff,Surya Setty,2025-04-04,14:10:40,-07:00,2025-04-04T14:10:40-07:00,0,42
cv\index.html,33,html,a5e854ff,Surya Setty,2025-04-04,14:10:40,-07:00,2025-04-04T14:10:40-07:00,0,40
cv\index.html,34,html,a5e854ff,Surya Setty,2025-04-04,14:10:40,-07:00,2025-04-04T14:10:40-07:00,0,52
cv\index.html,35,html,a5e854ff,Surya Setty,2025-04-04,14:10:40,-07:00,2025-04-04T14:10:40-07:00,0,23
cv\index.html,36,html,a5e854ff,Surya Setty,2025-04-04,14:10:40,-07:00,2025-04-04T14:10:40-07:00,0,36
cv\index.html,37,html,a5e854ff,Surya Setty,2025-04-04,14:10:40,-07:00,2025-04-04T14:10:40-07:00,0,4
cv\index.html,38,html,a5e854ff,Surya Setty,2025-04-04,14:10:40,-07:00,2025-04-04T14:10:40-07:00,0,9
cv\index.html,39,html,5f9de748,Surya Setty,2025-04-19,15:19:19,-07:00,2025-04-19T15:19:19-07:00,0,31
cv\index.html,40,html,5f9de748,Surya Setty,2025-04-19,15:19:19,-07:00,2025-04-19T15:19:19-07:00,0,27
cv\index.html,41,html,a5e854ff,Surya Setty,2025-04-04,14:10:40,-07:00,2025-04-04T14:10:40-07:00,0,18
cv\index.html,42,html,a5e854ff,Surya Setty,2025-04-04,14:10:40,-07:00,2025-04-04T14:10:40-07:00,0,12
cv\index.html,43,html,a5e854ff,Surya Setty,2025-04-04,14:10:40,-07:00,2025-04-04T14:10:40-07:00,0,18
cv\index.html,44,html,a5e854ff,Surya Setty,2025-04-04,14:10:40,-07:00,2025-04-04T14:10:40-07:00,0,13
cv\index.html,45,html,a5e854ff,Surya Setty,2025-04-04,14:10:40,-07:00,2025-04-04T14:10:40-07:00,0,14
cv\index.html,46,html,a5e854ff,Surya Setty,2025-04-04,14:10:40,-07:00,2025-04-04T14:10:40-07:00,0,27
cv\index.html,47,html,a5e854ff,Surya Setty,2025-04-04,14:10:40,-07:00,2025-04-04T14:10:40-07:00,0,24
cv\index.html,48,html,a5e854ff,Surya Setty,2025-04-04,14:10:40,-07:00,2025-04-04T14:10:40-07:00,0,4
cv\index.html,49,html,a5e854ff,Surya Setty,2025-04-04,14:10:40,-07:00,2025-04-04T14:10:40-07:00,0,9
cv\index.html,50,html,5f9de748,Surya Setty,2025-04-19,15:19:19,-07:00,2025-04-19T15:19:19-07:00,0,31
cv\index.html,51,html,5f9de748,Surya Setty,2025-04-19,15:19:19,-07:00,2025-04-19T15:19:19-07:00,0,31
cv\index.html,52,html,a5e854ff,Surya Setty,2025-04-04,14:10:40,-07:00,2025-04-04T14:10:40-07:00,0,22
cv\index.html,53,html,a5e854ff,Surya Setty,2025-04-04,14:10:40,-07:00,2025-04-04T14:10:40-07:00,0,3
cv\index.html,54,html,5f9de748,Surya Setty,2025-04-19,15:19:19,-07:00,2025-04-19T15:19:19-07:00,0,21
cv\index.html,55,html,5f9de748,Surya Setty,2025-04-19,15:19:19,-07:00,2025-04-19T15:19:19-07:00,0,53
cv\index.html,56,html,5f9de748,Surya Setty,2025-04-19,15:19:19,-07:00,2025-04-19T15:19:19-07:00,0,21
cv\index.html,57,html,5f9de748,Surya Setty,2025-04-19,15:19:19,-07:00,2025-04-19T15:19:19-07:00,0,186
cv\index.html,58,html,5f9de748,Surya Setty,2025-04-19,15:19:19,-07:00,2025-04-19T15:19:19-07:00,0,5
cv\index.html,59,html,5f9de748,Surya Setty,2025-04-19,15:19:19,-07:00,2025-04-19T15:19:19-07:00,0,4
cv\index.html,60,html,5f9de748,Surya Setty,2025-04-19,15:19:19,-07:00,2025-04-19T15:19:19-07:00,0,3
cv\index.html,61,html,5f9de748,Surya Setty,2025-04-19,15:19:19,-07:00,2025-04-19T15:19:19-07:00,0,21
cv\index.html,62,html,5f9de748,Surya Setty,2025-04-19,15:19:19,-07:00,2025-04-19T15:19:19-07:00,0,50
cv\index.html,63,html,5f9de748,Surya Setty,2025-04-19,15:19:19,-07:00,2025-04-19T15:19:19-07:00,0,140
cv\index.html,64,html,5f9de748,Surya Setty,2025-04-19,15:19:19,-07:00,2025-04-19T15:19:19-07:00,0,5
cv\index.html,65,html,5f9de748,Surya Setty,2025-04-19,15:19:19,-07:00,2025-04-19T15:19:19-07:00,0,4
cv\index.html,66,html,5f9de748,Surya Setty,2025-04-19,15:19:19,-07:00,2025-04-19T15:19:19-07:00,0,3
cv\index.html,67,html,5f9de748,Surya Setty,2025-04-19,15:19:19,-07:00,2025-04-19T15:19:19-07:00,0,21
cv\index.html,68,html,5f9de748,Surya Setty,2025-04-19,15:19:19,-07:00,2025-04-19T15:19:19-07:00,0,41
cv\index.html,69,html,5f9de748,Surya Setty,2025-04-19,15:19:19,-07:00,2025-04-19T15:19:19-07:00,0,145
cv\index.html,70,html,5f9de748,Surya Setty,2025-04-19,15:19:19,-07:00,2025-04-19T15:19:19-07:00,0,5
cv\index.html,71,html,5f9de748,Surya Setty,2025-04-19,15:19:19,-07:00,2025-04-19T15:19:19-07:00,0,4
cv\index.html,72,html,5f9de748,Surya Setty,2025-04-19,15:19:19,-07:00,2025-04-19T15:19:19-07:00,0,3
cv\index.html,73,html,5f9de748,Surya Setty,2025-04-19,15:19:19,-07:00,2025-04-19T15:19:19-07:00,0,21
cv\index.html,74,html,5f9de748,Surya Setty,2025-04-19,15:19:19,-07:00,2025-04-19T15:19:19-07:00,0,45
cv\index.html,75,html,5f9de748,Surya Setty,2025-04-19,15:19:19,-07:00,2025-04-19T15:19:19-07:00,0,127
cv\index.html,76,html,5f9de748,Surya Setty,2025-04-19,15:19:19,-07:00,2025-04-19T15:19:19-07:00,0,5
cv\index.html,77,html,5f9de748,Surya Setty,2025-04-19,15:19:19,-07:00,2025-04-19T15:19:19-07:00,0,4
cv\index.html,78,html,a5e854ff,Surya Setty,2025-04-04,14:10:40,-07:00,2025-04-04T14:10:40-07:00,0,4
cv\index.html,79,html,a5e854ff,Surya Setty,2025-04-04,14:10:40,-07:00,2025-04-04T14:10:40-07:00,0,9
cv\index.html,80,html,a5e854ff,Surya Setty,2025-04-04,14:10:40,-07:00,2025-04-04T14:10:40-07:00,0,0
cv\index.html,81,html,a5e854ff,Surya Setty,2025-04-04,14:10:40,-07:00,2025-04-04T14:10:40-07:00,0,6
cv\index.html,82,html,a5e854ff,Surya Setty,2025-04-04,14:10:40,-07:00,2025-04-04T14:10:40-07:00,0,6
contact\index.html,1,html,a5e854ff,Surya Setty,2025-04-04,14:10:40,-07:00,2025-04-04T14:10:40-07:00,0,14
contact\index.html,2,html,a5e854ff,Surya Setty,2025-04-04,14:10:40,-07:00,2025-04-04T14:10:40-07:00,0,15
contact\index.html,3,html,a5e854ff,Surya Setty,2025-04-04,14:10:40,-07:00,2025-04-04T14:10:40-07:00,0,5
contact\index.html,4,html,a5e854ff,Surya Setty,2025-04-04,14:10:40,-07:00,2025-04-04T14:10:40-07:00,0,21
contact\index.html,5,html,a5e854ff,Surya Setty,2025-04-04,14:10:40,-07:00,2025-04-04T14:10:40-07:00,0,69
contact\index.html,6,html,a5e854ff,Surya Setty,2025-04-04,14:10:40,-07:00,2025-04-04T14:10:40-07:00,0,22
contact\index.html,7,html,5f9de748,Surya Setty,2025-04-19,15:19:19,-07:00,2025-04-19T15:19:19-07:00,0,46
contact\index.html,8,html,6abffcf2,Surya Setty,2025-04-19,22:32:44,-07:00,2025-04-19T22:32:44-07:00,0,59
contact\index.html,9,html,6abffcf2,Surya Setty,2025-04-19,22:32:44,-07:00,2025-04-19T22:32:44-07:00,0,0
contact\index.html,10,html,a5e854ff,Surya Setty,2025-04-04,14:10:40,-07:00,2025-04-04T14:10:40-07:00,0,6
contact\index.html,11,html,a5e854ff,Surya Setty,2025-04-04,14:10:40,-07:00,2025-04-04T14:10:40-07:00,0,5
contact\index.html,12,html,6abffcf2,Surya Setty,2025-04-19,22:32:44,-07:00,2025-04-19T22:32:44-07:00,0,9
contact\index.html,13,html,a5e854ff,Surya Setty,2025-04-04,14:10:40,-07:00,2025-04-04T14:10:40-07:00,0,31
contact\index.html,14,html,a5e854ff,Surya Setty,2025-04-04,14:10:40,-07:00,2025-04-04T14:10:40-07:00,0,46
contact\index.html,15,html,6abffcf2,Surya Setty,2025-04-19,22:32:44,-07:00,2025-04-19T22:32:44-07:00,0,31
contact\index.html,16,html,a5e854ff,Surya Setty,2025-04-04,14:10:40,-07:00,2025-04-04T14:10:40-07:00,0,69
contact\index.html,17,html,a5e854ff,Surya Setty,2025-04-04,14:10:40,-07:00,2025-04-04T14:10:40-07:00,0,34
contact\index.html,18,html,6abffcf2,Surya Setty,2025-04-19,22:32:44,-07:00,2025-04-19T22:32:44-07:00,0,9
contact\index.html,19,html,6abffcf2,Surya Setty,2025-04-19,22:32:44,-07:00,2025-04-19T22:32:44-07:00,0,20
contact\index.html,20,html,6abffcf2,Surya Setty,2025-04-19,22:32:44,-07:00,2025-04-19T22:32:44-07:00,0,60
contact\index.html,21,html,a5e854ff,Surya Setty,2025-04-04,14:10:40,-07:00,2025-04-04T14:10:40-07:00,0,0
contact\index.html,22,html,5f9de748,Surya Setty,2025-04-19,15:19:19,-07:00,2025-04-19T15:19:19-07:00,0,40
contact\index.html,23,html,a5e854ff,Surya Setty,2025-04-04,14:10:40,-07:00,2025-04-04T14:10:40-07:00,0,23
contact\index.html,24,html,a5e854ff,Surya Setty,2025-04-04,14:10:40,-07:00,2025-04-04T14:10:40-07:00,0,0
contact\index.html,25,html,5f9de748,Surya Setty,2025-04-19,15:19:19,-07:00,2025-04-19T15:19:19-07:00,0,37
contact\index.html,26,html,a5e854ff,Surya Setty,2025-04-04,14:10:40,-07:00,2025-04-04T14:10:40-07:00,0,34
contact\index.html,27,html,a5e854ff,Surya Setty,2025-04-04,14:10:40,-07:00,2025-04-04T14:10:40-07:00,0,0
contact\index.html,28,html,a5e854ff,Surya Setty,2025-04-04,14:10:40,-07:00,2025-04-04T14:10:40-07:00,0,22
contact\index.html,29,html,a5e854ff,Surya Setty,2025-04-04,14:10:40,-07:00,2025-04-04T14:10:40-07:00,0,6
contact\index.html,30,html,a5e854ff,Surya Setty,2025-04-04,14:10:40,-07:00,2025-04-04T14:10:40-07:00,0,6
contact\index.html,31,html,a5e854ff,Surya Setty,2025-04-04,14:10:40,-07:00,2025-04-04T14:10:40-07:00,0,6
